Name,Birthday(DD/MM/YYYY),MarketValue,Team,Position,Appearances,Minutes,G,NPG,A,Sh90,KP90,xG,NPxG,xA,xGChain,xGBuildup,xG90,NPxG90,xA90,xG90+xA90,NPxG90+xA90,xGChain90,xGBuildup90,Y,R
Cristiano Ronaldo,05/02/1985,49.5,Juventus,F,33,2807,29,23,3,5.35,1.15,29.84+0.84,23.75+0.75,3.85+0.85,28.64,8.92,0.96,0.76,0.12,1.08,0.89,0.92,0.29,3,0
Álvaro Morata,23/10/1992,49.5,Juventus,F,32,2019,11,10,9,2.5,1.78,12.07+1.07,11.30+1.30,5.67-3.33,19.8,4.52,0.54,0.5,0.25,0.79,0.76,0.88,0.2,3,1
Federico Chiesa,25/10/1997,66,Juventus,D M,30,2261,8,8,8,2.39,1.79,7.54-0.46,7.54-0.46,8.30+0.30,20.23,6.92,0.3,0.3,0.33,0.63,0.63,0.81,0.28,3,1
Weston McKennie,28/08/1998,27.5,Juventus,M,34,1684,5,5,2,1.5,1.39,5.20+0.20,5.20+0.20,3.88+1.88,11.35,5.91,0.28,0.28,0.21,0.49,0.49,0.61,0.32,5,0
Paulo Dybala,15/09/1993,55,Juventus,F,20,1131,4,4,3,4.06,2.39,4.80+0.80,4.80+0.80,3.16+0.16,12.58,6.72,0.38,0.38,0.25,0.63,0.63,1,0.53,0,0
Adrien Rabiot,03/04/1995,33,Juventus,M,34,2310,4,4,2,1.29,0.39,2.82-1.18,2.82-1.18,1.77-0.23,13.16,9.67,0.11,0.11,0.07,0.18,0.18,0.51,0.38,5,1
Dejan Kulusevski,25/04/2000,44,Juventus,D F M,35,1917,4,4,3,1.6,2.44,3.33-0.67,3.33-0.67,6.33+3.33,16.38,8.57,0.16,0.16,0.3,0.45,0.45,0.77,0.4,7,0
Aaron Ramsey,26/12/1990,15.4,Juventus,M,22,1105,2,2,4,1.95,2.52,4.65+2.65,4.65+2.65,3.78-0.22,12.46,4.78,0.38,0.38,0.31,0.69,0.69,1.01,0.39,2,0
Juan Cuadrado,26/05/1988,17.6,Juventus,D M,30,2185,2,1,10,0.78,2.47,2.45+0.45,1.69+0.69,10,17.96,13.35,0.1,0.07,0.41,0.51,0.48,0.74,0.55,9,1
Leonardo Bonucci,01/05/1987,8.8,Juventus,D,26,2037,2,2,0,0.71,0.13,3.65+1.65,3.65+1.65,0.87+0.87,8.38,8.04,0.16,0.16,0.04,0.2,0.2,0.37,0.36,3,0
Alex Sandro,26/01/1991,22,Juventus,D,26,1857,2,2,1,0.63,0.87,1.78-0.22,1.78-0.22,2.10+1.10,13.93,11.55,0.09,0.09,0.1,0.19,0.19,0.67,0.56,2,0
Danilo,15/07/1991,22,Juventus,D M,34,2922,1,1,4,0.59,0.77,1.83+0.83,1.83+0.83,3.41-0.59,19.31,16.05,0.06,0.06,0.11,0.16,0.16,0.59,0.49,6,0
Arthur,12/08/1996,44,Juventus,M,22,1154,1,1,0,0.23,1.33,0.16-0.84,0.16-0.84,1.21+1.21,9.97,8.81,0.01,0.01,0.09,0.11,0.11,0.78,0.69,3,0
Matthijs de Ligt,12/08/1999,82.5,Juventus,D,27,2220,1,1,1,0.77,0.36,0.94-0.06,0.94-0.06,1.01+0.01,10.94,10.9,0.04,0.04,0.04,0.08,0.08,0.44,0.44,4,0
Douglas Costa,14/09/1990,6.6,Juventus,S,2,38,0,0,0,0,2.37,0,0,0.05+0.05,0.6,0.6,0,0,0.11,0.11,0.11,1.42,1.42,0,0
Mattia De Sciglio,20/10/1992,8.25,Juventus,S,1,23,0,0,0,3.91,0,0.03+0.03,0.03+0.03,0,0.03,0,0.13,0.13,0,0.13,0.13,0.13,0,0,0
Federico Bernardeschi,16/02/1994,16.5,Juventus,D M,27,945,0,0,2,1.24,2.29,1.67+1.67,1.67+1.67,3.31+1.31,6.39,3.22,0.16,0.16,0.32,0.47,0.47,0.61,0.31,3,0
Giorgio Chiellini,14/08/1984,1.65,Juventus,D,17,1391,0,0,1,0.39,0.13,0.58+0.58,0.58+0.58,0.67-0.33,8.07,8.07,0.04,0.04,0.04,0.08,0.08,0.52,0.52,4,0
Giacomo Vrioni,15/10/1998,0.385,Juventus,S,1,1,0,0,0,0,90,0,0,0.12+0.12,0.12,0.12,0,0,11.24,11.24,11.24,11.24,11.24,0,0
Gianluca Frabotta,24/06/1999,2.75,Juventus,D M,15,672,0,0,1,0.67,0.54,0.30+0.30,0.30+0.30,0.94-0.06,4.14,3.55,0.04,0.04,0.13,0.17,0.17,0.55,0.48,5,0
Carlo Pinsoglio,16/03/1990,0.44,Juventus,S,1,21,0,0,0,0,0,0,0,0,0.09,0.09,0,0,0,0,0,0.38,0.38,0,0
Rodrigo Bentancur,25/06/1997,38.5,Juventus,M,33,2340,0,0,4,0.58,1.12,0.59+0.59,0.59+0.59,2.68-1.32,17.91,16.25,0.02,0.02,0.1,0.13,0.13,0.69,0.63,6,1
Nicolo Fagioli,12/02/2001,1.32,Juventus,S,1,16,0,0,0,0,0,0,0,0,0.04,0.04,0,0,0,0,0,0.22,0.22,0,0
Merih Demiral,05/03/1998,30.8,Juventus,D,15,931,0,0,1,0.58,0.39,0.79+0.79,0.79+0.79,0.78-0.22,4.24,4.24,0.08,0.08,0.08,0.15,0.15,0.41,0.41,1,0
Wojciech Szczesny,18/04/1990,27.5,Juventus,GK,30,2679,0,0,1,0,0.03,0,0,0.11-0.89,7.22,7.22,0,0,0,0,0,0.24,0.24,0,0
Gianluigi Buffon,28/01/1978,1.1,Juventus,GK,8,720,0,0,0,0,0,0,0,0,1.72,1.72,0,0,0,0,0,0.22,0.22,0,0
Manolo Portanova,02/06/2000,1.1,Juventus,M,2,70,0,0,0,6.43,0,0.51+0.51,0.51+0.51,0,0.45,0.02,0.66,0.66,0,0.66,0.66,0.57,0.02,1,0
Radu Dragusin,03/02/2002,3.3,Juventus,S,1,1,0,0,0,0,0,0,0,0,0,0,0,0,0,0,0,0,0,0,0
Alessandro Di Pardo,18/07/1999,0.248,Juventus,S,4,7,0,0,0,0,12.86,0,0,0.02+0.02,0.02,0,0,0,0.27,0.27,0.27,0.27,0,0,0
Felix Correia,22/01/2001,2.2,Juventus,S,1,6,0,0,0,0,0,0,0,0,0,0,0,0,0,0,0,0,0,0,0
Zlatan Ibrahimovic,03/10/1981,4.4,AC Milan,F,19,1503,15,12,2,4.79,1.14,16.25+1.25,11.69-0.31,1.42-0.58,11.79,3.01,0.97,0.7,0.08,1.06,0.78,0.71,0.18,2,1
Franck Kessié,19/12/1996,60.5,AC Milan,M,37,3231,13,2,4,1.36,0.89,13.50+0.50,3.60+1.60,3.91-0.09,16.19,11.07,0.38,0.1,0.11,0.48,0.21,0.45,0.31,8,0
Ante Rebic,21/09/1993,35.2,AC Milan,F M,27,1783,11,11,4,2.17,1.92,7.28-3.72,7.28-3.72,6.70+2.70,14.17,2.43,0.37,0.37,0.34,0.71,0.71,0.72,0.12,4,1
Theo Hernández,06/10/1997,55,AC Milan,D,33,2940,7,7,5,1.47,1.29,4.43-2.57,4.43-2.57,5.14+0.14,16.05,10.37,0.14,0.14,0.16,0.29,0.29,0.49,0.32,9,0
Rafael Leão,10/06/1999,27.5,AC Milan,F M,30,1938,6,6,6,2,1.25,7.03+1.03,7.03+1.03,4.89-1.11,13.91,3.83,0.33,0.33,0.23,0.55,0.55,0.65,0.18,5,0
Hakan Calhanoglu,08/02/1994,38.5,AC Milan,M,33,2641,4,3,9,2.86,3.31,4.76+0.76,4.00+1.00,8.86-0.14,15.45,9.75,0.16,0.14,0.3,0.46,0.44,0.53,0.33,4,0
Brahim Diaz,03/08/1999,16.5,AC Milan,M,27,1254,4,4,3,1.87,1.36,3.59-0.41,3.59-0.41,1.37-1.63,6.5,3.06,0.26,0.26,0.1,0.36,0.36,0.47,0.22,2,0
Davide Calabria,06/12/1996,27.5,AC Milan,D M,32,2652,2,2,1,0.81,0.71,1.95-0.05,1.95-0.05,1.77+0.77,8.92,5.88,0.07,0.07,0.06,0.13,0.13,0.3,0.2,7,0
Alexis Saelemaekers,27/06/1999,19.8,AC Milan,D M,32,2065,2,2,4,1.22,1.31,3.00+1.00,3.00+1.00,3.18-0.82,12.02,6.44,0.13,0.13,0.14,0.27,0.27,0.52,0.28,5,1
Jens Petter Hauge,12/10/1999,10.45,AC Milan,M,18,498,2,2,0,1.27,1.99,1.00-1.00,1.00-1.00,1.32+1.32,3.35,1.14,0.18,0.18,0.24,0.42,0.42,0.61,0.21,0,0
Fikayo Tomori,19/12/1997,30.8,AC Milan,D,17,1466,1,1,0,0.31,0,0.98-0.02,0.98-0.02,0,5,5,0.06,0.06,0,0.06,0.06,0.31,0.31,0,0
Alessio Romagnoli,12/01/1995,27.5,AC Milan,D,22,1905,1,1,1,0.71,0.14,2.88+1.88,2.88+1.88,0.97-0.03,3.95,3.93,0.14,0.14,0.05,0.18,0.18,0.19,0.19,7,0
Rade Krunic,07/10/1993,6.6,AC Milan,M,25,688,1,1,2,1.05,1.05,0.71-0.29,0.71-0.29,1.28-0.72,3,1.93,0.09,0.09,0.17,0.26,0.26,0.39,0.25,3,0
Samu Castillejo,18/01/1995,8.8,AC Milan,M,28,1154,1,1,0,1.95,0.78,2.66+1.66,2.66+1.66,0.90+0.90,5.59,2.69,0.21,0.21,0.07,0.28,0.28,0.44,0.21,5,0
Diogo Dalot,18/03/1999,11,AC Milan,D,21,1070,1,1,1,0.84,0.76,0.51-0.49,0.51-0.49,0.96-0.04,4.29,3.05,0.04,0.04,0.08,0.12,0.12,0.36,0.26,5,0
Pierre Kalulu Kyatengwa,05/06/2000,7.7,AC Milan,D,13,725,1,1,1,0.37,0.74,0.77-0.23,0.77-0.23,0.68-0.32,2.86,2.72,0.09,0.09,0.08,0.18,0.18,0.36,0.34,1,0
Gianluigi Donnarumma,25/02/1999,66,AC Milan,GK,37,3330,0,0,0,0,0,0,0,0,4.62,4.62,0,0,0,0,0,0.12,0.12,1,0
Soualiho Meité,17/03/1994,5.5,AC Milan,M,16,566,0,0,0,1.11,0.8,0.25+0.25,0.25+0.25,0.49+0.49,3.96,3.39,0.04,0.04,0.08,0.12,0.12,0.63,0.54,2,0
Simon Kjaer,26/03/1989,11,AC Milan,D,28,2403,0,0,2,0.6,0.26,1.03+1.03,1.03+1.03,1.19-0.81,6.94,6.61,0.04,0.04,0.04,0.08,0.08,0.26,0.25,3,0
Matteo Gabbia,21/10/1999,9.35,AC Milan,D,8,556,0,0,0,0.81,0,0.72+0.72,0.72+0.72,0,1.36,1.35,0.12,0.12,0,0.12,0.12,0.22,0.22,2,0
Ismael Bennacer,01/12/1997,41.8,AC Milan,M,21,1345,0,0,2,0.8,0.33,0.93+0.93,0.93+0.93,0.53-1.47,5.95,4.53,0.06,0.06,0.04,0.1,0.1,0.4,0.3,4,0
Sandro Tonali,08/05/2000,29.7,AC Milan,M,25,1342,0,0,0,0.67,1.07,0.43+0.43,0.43+0.43,1.24+1.24,5.09,4.76,0.03,0.03,0.08,0.11,0.11,0.34,0.32,1,1
Mario Mandzukic,21/05/1986,0.88,AC Milan,F,10,201,0,0,0,2.24,1.34,1.11+1.11,1.11+1.11,0.17+0.17,1.02,0.02,0.5,0.5,0.08,0.57,0.57,0.46,0.01,1,0
Ciprian Tatarusanu,09/02/1986,0.66,AC Milan,GK,1,90,0,0,0,0,0,0,0,0,0,0,0,0,0,0,0,0,0,0,0
Lorenzo Colombo,08/03/2002,1.1,AC Milan,F,4,89,0,0,0,4.04,0,0.42+0.42,0.42+0.42,0,0.42,0,0.42,0.42,0,0.42,0.42,0.42,0,0,0
Mateo Musacchio,26/08/1990,2.2,AC Milan,S,1,33,0,0,0,0,0,0,0,0,0.05,0.05,0,0,0,0,0,0.15,0.15,0,0
Andrea Conti,02/03/1994,4.95,AC Milan,S,3,22,0,0,0,0,4.09,0,0,0.18+0.18,0.77,0.77,0,0,0.73,0.73,0.73,3.13,3.13,0,0
Léo Duarte,17/07/1996,2.42,AC Milan,S,1,17,0,0,0,0,0,0,0,0,0,0,0,0,0,0,0,0,0,0,0
Daniel Maldini,11/10/2001,0.88,AC Milan,S,5,17,0,0,0,5.29,0,0.18+0.18,0.18+0.18,0,0.18,0,0.94,0.94,0,0.94,0.94,0.94,0,0,0
Luis Muriel,16/04/1991,33,Atalanta,F M,36,1434,22,20,8,5.4,2.89,16.69-5.31,14.41-5.59,4.89-3.11,23.75,6.24,1.05,0.9,0.31,1.35,1.21,1.49,0.39,0,0
Duván Zapata,01/04/1991,36.3,Atalanta,F M,37,2407,15,14,9,3.66,1.57,18.04+3.04,17.28+3.28,6.08-2.92,27.76,7.63,0.67,0.65,0.23,0.9,0.87,1.04,0.29,0,0
Robin Gosens,05/06/1994,38.5,Atalanta,D M,32,2545,11,11,6,1.84,1.03,9.20-1.80,9.20-1.80,3.66-2.34,19.7,9.91,0.33,0.33,0.13,0.45,0.45,0.7,0.35,7,1
Ruslan Malinovskiy,04/05/1993,33,Atalanta,F M,36,1896,8,7,12,3.18,3.8,5.49-2.51,4.73-2.27,10.38-1.62,20.16,9.69,0.26,0.22,0.49,0.75,0.72,0.96,0.46,3,0
Mario Pasalic,09/02/1995,25.3,Atalanta,M,25,1100,6,6,2,1.64,1.39,4.46-1.54,4.46-1.54,3.00+1.00,12.33,5.93,0.36,0.36,0.25,0.61,0.61,1.01,0.49,2,0
Josip Ilicic,29/01/1988,6.6,Atalanta,F M,28,1527,6,4,9,3.48,3.6,5.75-0.25,4.23+0.23,10.87+1.87,17.91,7.25,0.34,0.25,0.64,0.98,0.89,1.06,0.43,2,0
Alejandro Gomez,15/02/1988,9.9,Atalanta,F M,10,676,4,4,2,3.86,2.53,2.73-1.27,2.73-1.27,1.62-0.38,6.29,3.82,0.36,0.36,0.22,0.58,0.58,0.84,0.51,0,0
Aleksey Miranchuk,17/10/1995,16.5,Atalanta,M,25,641,4,4,2,2.11,1.97,1.58-2.42,1.58-2.42,2.12+0.12,7.14,4.5,0.22,0.22,0.3,0.52,0.52,1,0.63,0,0
Rafael Toloi,10/10/1990,16.5,Atalanta,D,31,2542,2,2,0,1.03,0.53,3.29+1.29,3.29+1.29,0.89+0.89,12.48,10.51,0.12,0.12,0.03,0.15,0.15,0.44,0.37,10,0
Remo Freuler,15/04/1992,27.5,Atalanta,M,34,2726,2,2,3,0.66,0.99,2.01+0.01,2.01+0.01,3.95+0.95,16.84,13.42,0.07,0.07,0.13,0.2,0.2,0.56,0.44,5,0
Hans Hateboer,09/01/1994,19.8,Atalanta,D M,22,1769,2,2,1,1.37,1.02,3.95+1.95,3.95+1.95,1.66+0.66,16.09,11.72,0.2,0.2,0.08,0.29,0.29,0.82,0.6,3,0
Matteo Pessina,21/04/1997,22,Atalanta,M,28,1667,2,2,2,1.19,1.46,2.49+0.49,2.49+0.49,2.94+0.94,13.36,8.99,0.13,0.13,0.16,0.29,0.29,0.72,0.49,2,0
Cristian Romero,27/04/1998,33,Atalanta,D,31,2552,2,2,2,0.49,0.32,1.36-0.64,1.36-0.64,0.84-1.16,11.66,11,0.05,0.05,0.03,0.08,0.08,0.41,0.39,10,0
Marten de Roon,29/03/1991,25.3,Atalanta,M,35,3021,1,1,1,0.51,0.57,0.60-0.40,0.60-0.40,1.14+0.14,17.31,16.03,0.02,0.02,0.03,0.05,0.05,0.52,0.48,8,1
José Luis Palomino,05/01/1990,11,Atalanta,D,36,2413,1,1,2,0.19,0.3,0.27-0.73,0.27-0.73,1.12-0.88,8.5,7.4,0.01,0.01,0.04,0.05,0.05,0.32,0.28,3,0
Marco Sportiello,10/05/1992,2.2,Atalanta,GK,15,1259,0,0,0,0,0,0,0,0,1.88,1.88,0,0,0,0,0,0.13,0.13,0,0
Pierluigi Gollini,18/03/1995,18.7,Atalanta,GK,25,2158,0,0,0,0,0.04,0,0,0.04+0.04,2.04,2,0,0,0,0,0,0.08,0.08,0,1
Berat Gjimshiti,19/02/1993,24.2,Atalanta,D,33,2623,0,0,3,0.72,0.75,1.75+1.75,1.75+1.75,3.44+0.44,10.58,9.99,0.06,0.06,0.12,0.18,0.18,0.36,0.34,8,0
Joakim Maehle,20/05/1997,14.3,Atalanta,D M,20,1208,0,0,2,1.56,1.04,1.34+1.34,1.34+1.34,1.58-0.42,6.88,4.48,0.1,0.1,0.12,0.22,0.22,0.51,0.33,0,0
Johan Mojica,21/08/1992,2.2,Atalanta,D M,11,293,0,0,0,1.23,1.23,0.11+0.11,0.11+0.11,0.65+0.65,1.44,1.24,0.03,0.03,0.2,0.23,0.23,0.44,0.38,1,0
Sam Lammers,30/04/1997,6.6,Atalanta,F,15,269,2,2,0,3.01,1.34,1.38-0.62,1.38-0.62,0.39+0.39,3.31,2.37,0.46,0.46,0.13,0.59,0.59,1.11,0.79,0,0
Bosko Sutalo,01/01/2000,3.85,Atalanta,D,7,228,0,0,0,0,0.79,0,0,0.16+0.16,1.8,1.67,0,0,0.06,0.06,0.06,0.71,0.66,0,0
Matteo Ruggeri,11/07/2002,2.2,Atalanta,D,6,210,0,0,0,0.86,0.43,0.07+0.07,0.07+0.07,0.01+0.01,1.09,1.05,0.03,0.03,0.01,0.03,0.03,0.47,0.45,0,0
Fabio Depaoli,24/04/1997,3.85,Atalanta,D M,5,191,0,0,0,0,1.41,0,0,0.16+0.16,0.8,0.64,0,0,0.07,0.07,0.07,0.38,0.3,0,0
Mattia Caldara,05/05/1994,5.5,Atalanta,D,6,105,0,0,0,1.71,0,0.43+0.43,0.43+0.43,0,0.85,0.85,0.37,0.37,0,0.37,0.37,0.72,0.72,1,0
Cristiano Piccini,26/09/1992,2.42,Atalanta,S,1,66,0,0,0,1.36,0,0.04+0.04,0.04+0.04,0,0.04,0.04,0.05,0.05,0,0.05,0.05,0.05,0.05,0,0
Amad Diallo Traore,11/07/2002,19.8,Atalanta,S,1,12,0,0,0,7.5,7.5,0.03+0.03,0.03+0.03,0.05+0.05,0.1,0.02,0.21,0.21,0.37,0.58,0.58,0.72,0.14,1,0
Davide Ghislandi,16/06/2001,0.495,Atalanta,S,1,3,0,0,0,0,0,0,0,0,0,0,0,0,0,0,0,0,0,0,0
Viktor Kovalenko,14/02/1996,5.5,Atalanta,S,1,2,0,0,0,0,0,0,0,0,0,0,0,0,0,0,0,0,0,0,0
Emmanuel Gyabuaa,21/09/2001,0.715,Atalanta,S,1,1,0,0,0,0,0,0,0,0,0,0,0,0,0,0,0,0,0,0,0
Gianluca Lapadula,07/02/1990,3.85,Benevento,F,37,2596,8,8,2,2.6,1.14,10.25+2.25,9.49+1.49,3.80+1.80,11.75,2.02,0.36,0.33,0.13,0.49,0.46,0.41,0.07,2,0
Gianluca Caprari,30/06/1993,6.6,Benevento,F M,30,1900,5,5,6,2.27,1.61,3.83-1.17,3.07-1.93,2.46-3.54,6.26,2.6,0.18,0.15,0.12,0.3,0.26,0.3,0.12,4,1
Nicolas Viola,12/10/1989,1.65,Benevento,M,17,1042,5,1,3,1.55,1.55,3.60-1.40,0.55-0.45,1.32-1.68,2.33,1.44,0.31,0.05,0.11,0.42,0.16,0.2,0.12,0,0
Marco Sau,03/11/1987,0.55,Benevento,F M,24,765,4,3,2,1.29,2.24,2.31-1.69,1.55-1.45,1.49-0.51,2.29,0.49,0.27,0.18,0.18,0.45,0.36,0.27,0.06,1,1
Gaetano Letizia,29/06/1990,2.2,Benevento,D,24,1567,3,3,1,0.75,0.8,0.42-2.58,0.42-2.58,1.20+0.20,3.66,2.82,0.02,0.02,0.07,0.09,0.09,0.21,0.16,2,0
Luca Caldirola,01/02/1991,1.98,Benevento,D,25,1560,2,2,0,0.4,0.35,0.53-1.47,0.53-1.47,0.16+0.16,2.15,2.04,0.03,0.03,0.01,0.04,0.04,0.12,0.12,3,1
Artur Ionita,17/08/1990,1.98,Benevento,F M,36,2861,2,2,0,0.72,0.44,1.48-0.52,1.48-0.52,0.85+0.85,4.38,3.22,0.05,0.05,0.03,0.07,0.07,0.14,0.1,6,0
Roberto Insigne,11/05/1994,2.2,Benevento,F M,30,1598,2,2,4,2.2,2.25,3.69+1.69,3.69+1.69,3.85-0.15,9.6,3.03,0.21,0.21,0.22,0.42,0.42,0.54,0.17,2,0
Kamil Glik,03/02/1988,2.2,Benevento,D,36,3208,2,2,1,0.79,0.11,3.27+1.27,3.27+1.27,0.36-0.64,4.95,4.54,0.09,0.09,0.01,0.1,0.1,0.14,0.13,7,1
Adolfo Gaich,26/02/1999,8.8,Benevento,F,15,771,2,2,0,2.8,0.58,2.72+0.72,2.72+0.72,0.43+0.43,2.53,0.15,0.32,0.32,0.05,0.37,0.37,0.3,0.02,1,0
Pasquale Schiattarella,30/05/1987,1.1,Benevento,M,29,2257,1,1,1,0.44,1,0.60-0.40,0.60-0.40,2.26+1.26,8.08,6.71,0.02,0.02,0.09,0.11,0.11,0.32,0.27,13,1
Riccardo Improta,19/12/1993,1.65,Benevento,D M,34,2329,1,1,0,1.35,0.85,1.77+0.77,1.77+0.77,2.67+2.67,6.81,3.42,0.07,0.07,0.1,0.17,0.17,0.26,0.13,7,0
Alessandro Tuia,08/06/1990,0.88,Benevento,D,27,1766,1,1,0,0.41,0.15,0.48-0.52,0.48-0.52,0.49+0.49,2.37,2.29,0.02,0.02,0.02,0.05,0.05,0.12,0.12,6,0
Federico Barba,09/01/1993,1.65,Benevento,D,32,2661,0,0,2,0.44,0.44,0.54+0.54,0.54+0.54,1.53-0.47,4.67,4.18,0.02,0.02,0.05,0.07,0.07,0.16,0.14,8,0
Perparim Hetemaj,12/12/1986,0.99,Benevento,M,31,2236,0,0,2,0.48,0.6,0.59+0.59,0.59+0.59,1.16-0.84,3.04,1.73,0.02,0.02,0.05,0.07,0.07,0.12,0.07,5,0
Fabio Depaoli,24/04/1997,3.85,Benevento,D,15,1132,0,0,0,0.64,0.64,0.26+0.26,0.26+0.26,0.40+0.40,1.32,1.04,0.02,0.02,0.03,0.05,0.05,0.11,0.08,2,0
Bryan Dabo,18/02/1992,1.32,Benevento,M,25,1113,0,0,0,0.97,0.57,0.79+0.79,0.79+0.79,0.27+0.27,2.62,2.22,0.06,0.06,0.02,0.09,0.09,0.21,0.18,5,0
Lorenzo Montipò,20/02/1996,3.85,Benevento,GK,37,3330,0,0,0,0,0,0,0,0,1.73,1.73,0,0,0,0,0,0.05,0.05,3,0
Daam Foulon,23/03/1999,1.1,Benevento,D,23,1014,0,0,1,0.09,0.36,0.01+0.01,0.01+0.01,0.11-0.89,1.28,1.19,0,0,0.01,0.01,0.01,0.11,0.11,4,0
Andrés Tello,06/09/1996,0.825,Benevento,D,17,380,1,1,0,1.66,0.24,0.20-0.80,0.20-0.80,0.05+0.05,0.61,0.41,0.05,0.05,0.01,0.06,0.06,0.15,0.1,2,0
Iago Falque,04/01/1990,1.65,Benevento,M,11,355,1,1,1,2.79,3.04,0.37-0.63,0.37-0.63,0.78-0.22,1.67,0.82,0.09,0.09,0.2,0.29,0.29,0.42,0.21,0,0
Gabriele Moncini,26/04/1996,1.1,Benevento,F,10,351,0,0,0,2.05,0.77,0.98+0.98,0.98+0.98,0.18+0.18,1.35,0.29,0.25,0.25,0.05,0.3,0.3,0.35,0.07,0,0
Christian Maggio,11/02/1982,0.33,Benevento,D,8,294,0,0,0,0.61,0,0.06+0.06,0.06+0.06,0,0.19,0.19,0.02,0.02,0,0.02,0.02,0.06,0.06,2,0
Giuseppe Di Serio,20/07/2001,0.55,Benevento,F,16,253,0,0,0,1.42,0.36,0.56+0.56,0.56+0.56,0.01+0.01,0.74,0.17,0.2,0.2,0,0.2,0.2,0.26,0.06,1,0
Christian Pastina,15/02/2001,0.44,Benevento,S,3,118,0,0,1,0,0.76,0,0,0.37-0.63,0.39,0.02,0,0,0.28,0.28,0.28,0.3,0.02,1,0
Nicolò Manfredini,01/05/1988,0.165,Benevento,GK,1,90,0,0,0,0,0,0,0,0,0.07,0.07,0,0,0,0,0,0.07,0.07,0,0
Lorenzo Del Pinto,17/06/1990,0.22,Benevento,S,1,10,0,0,0,0,0,0,0,0,0,0,0,0,0,0,0,0,0,0,0
Siriki Sanogo,13/12/2001,0.11,Benevento,S,1,9,0,0,0,0,0,0,0,0,0,0,0,0,0,0,0,0,0,0,0
Amadou Diambo,12/02/2001,0.22,Benevento,S,1,2,0,0,0,0,0,0,0,0,0,0,0,0,0,0,0,0,0,0,0
Roberto Soriano,08/02/1991,11,Bologna,F M,37,3261,9,9,6,1.66,1.44,6.68-2.32,6.68-2.32,7.55+1.55,19.73,9.22,0.18,0.18,0.21,0.39,0.39,0.54,0.25,5,0
Musa Barrow,14/11/1998,22,Bologna,F M,38,2946,8,8,8,2.69,1.83,8.41+0.41,7.65-0.35,6.86-1.14,16.33,7.67,0.26,0.23,0.21,0.47,0.44,0.5,0.23,0,0
Riccardo Orsolini,24/01/1997,16.5,Bologna,D M,34,1760,7,4,3,2.91,1.48,9.02+2.02,6.74+2.74,2.51-0.49,10.94,4.43,0.46,0.34,0.13,0.59,0.47,0.56,0.23,0,0
Rodrigo Palacio,05/02/1982,0.44,Bologna,F M,36,2508,5,5,5,1.94,1.44,9.87+4.87,9.87+4.87,5.07+0.07,20.15,8.02,0.35,0.35,0.18,0.54,0.54,0.72,0.29,5,0
Mattias Svanberg,05/01/1999,13.2,Bologna,M,34,1878,5,5,2,2.78,0.72,5.16+0.16,5.16+0.16,2.73+0.73,9.55,4.72,0.25,0.25,0.13,0.38,0.38,0.46,0.23,6,1
Lorenzo De Silvestri,23/05/1988,1.65,Bologna,D,29,2160,2,2,0,0.46,0.54,2.06+0.06,2.06+0.06,0.74+0.74,6.32,5.46,0.09,0.09,0.03,0.12,0.12,0.26,0.23,4,0
Nicola Sansone,09/10/1991,4.18,Bologna,M,26,1163,2,2,2,2.4,2.4,4.25+2.25,4.25+2.25,2.60+0.60,8,2.36,0.33,0.33,0.2,0.53,0.53,0.62,0.18,2,0
Takehiro Tomiyasu,05/11/1998,22,Bologna,D,31,2721,2,2,0,0.53,0.26,2.29+0.29,2.29+0.29,0.43+0.43,8.13,7.27,0.08,0.08,0.01,0.09,0.09,0.27,0.24,4,0
Andreas Skov Olsen,29/12/1999,7.15,Bologna,D M,26,1170,2,2,2,2.31,1.46,3.86+1.86,3.86+1.86,2.06+0.06,7.77,2.63,0.3,0.3,0.16,0.45,0.45,0.6,0.2,1,0
Adama Soumaoro,18/06/1992,4.4,Bologna,D,20,1752,1,1,0,0.41,0.15,1.28+0.28,1.28+0.28,0.04+0.04,6.4,5.64,0.07,0.07,0,0.07,0.07,0.33,0.29,4,0
Emanuel Vignato,24/08/2000,6.6,Bologna,M,31,1180,1,1,4,1.75,1.98,1.56+0.56,1.56+0.56,3.29-0.71,7.9,5.24,0.12,0.12,0.25,0.37,0.37,0.6,0.4,4,0
Jerdy Schouten,12/01/1997,9.9,Bologna,M,34,2518,1,1,1,0.32,0.86,0.17-0.83,0.17-0.83,2.57+1.57,10.76,8.72,0.01,0.01,0.09,0.1,0.1,0.38,0.31,8,1
Nicolás Domínguez,28/06/1998,11,Bologna,M,28,1248,1,1,0,1.3,1.44,1.19+0.19,1.19+0.19,1.57+1.57,4.24,2.47,0.09,0.09,0.11,0.2,0.2,0.31,0.18,8,0
Danilo,10/05/1984,0.66,Bologna,D,35,3132,0,0,1,0.43,0.26,0.94+0.94,0.94+0.94,1.59+0.59,7.38,6.6,0.03,0.03,0.05,0.07,0.07,0.21,0.19,7,0
Lukasz Skorupski,05/05/1991,4.18,Bologna,GK,28,2520,0,0,0,0,0,0,0,0,3.51,3.51,0,0,0,0,0,0.13,0.13,1,0
Ângelo Da Costa,12/11/1983,0.22,Bologna,GK,6,540,0,0,0,0,0,0,0,0,0.07,0.07,0,0,0,0,0,0.01,0.01,2,0
Gary Medel,03/08/1987,1.1,Bologna,D M,11,505,0,0,1,0,0.36,0,0,0.14-0.86,1.43,1.3,0,0,0.02,0.02,0.02,0.26,0.23,1,0
Mitchell Dijks,09/02/1993,3.85,Bologna,D,20,1506,0,0,0,0.12,0.36,0.06+0.06,0.06+0.06,0.23+0.23,4.44,4.15,0,0,0.01,0.02,0.02,0.27,0.25,5,1
Aaron Hickey,10/06/2002,5.5,Bologna,D,11,766,0,0,0,0.23,0.23,0.04+0.04,0.04+0.04,0.05+0.05,1.85,1.78,0,0,0.01,0.01,0.01,0.22,0.21,3,1
Ibrahima Mbaye,19/11/1994,1.54,Bologna,D,8,427,1,1,0,0.21,0.21,0.57-0.43,0.57-0.43,0.02+0.02,0.83,0.23,0.12,0.12,0.01,0.13,0.13,0.18,0.05,2,0
Andrea Poli,29/09/1989,1.1,Bologna,M,18,376,1,1,0,0.72,1.44,0.96-0.04,0.96-0.04,0.56+0.56,1.67,0.27,0.23,0.23,0.13,0.36,0.36,0.4,0.06,1,0
Federico Ravaglia,11/11/1999,0.22,Bologna,GK,4,360,0,0,0,0,0,0,0,0,0,0,0,0,0,0,0,0,0,0,0
Nehuén Paz,28/04/1993,0.715,Bologna,D,6,358,1,1,0,0.5,0.25,0.47-0.53,0.47-0.53,0.01+0.01,0.25,0.24,0.12,0.12,0,0.12,0.12,0.06,0.06,0,0
Valentin Antov,09/11/2000,2.2,Bologna,D,5,229,0,0,0,0.39,0.39,0.01+0.01,0.01+0.01,0.02+0.02,0.43,0.42,0.01,0.01,0.01,0.01,0.01,0.17,0.16,1,0
Andri Fannar Baldursson,10/01/2002,1.1,Bologna,M,8,209,0,0,0,0.86,0.43,0.13+0.13,0.13+0.13,0.06+0.06,0.88,0.82,0.06,0.06,0.03,0.08,0.08,0.38,0.35,2,0
Stefano Denswil,07/05/1993,3.85,Bologna,D,5,107,0,0,0,0,0,0,0,0,0.38,0.38,0,0,0,0,0,0.32,0.32,0,0
Musa Juwara,26/12/2001,1.1,Bologna,S,5,39,0,0,0,2.31,0,0.02+0.02,0.02+0.02,0,0.02,0,0.04,0.04,0,0.04,0.04,0.04,0,1,0
Simone Rabbi,30/10/2001,0.33,Bologna,S,4,30,0,0,1,0,6,0,0,0.02-0.98,0.02,0,0,0,0.07,0.07,0.07,0.07,0,0,0
Federico Santander,04/06/1991,1.65,Bologna,S,4,29,0,0,1,12.41,3.1,0.21+0.21,0.21+0.21,0.38-0.62,0.5,0,0.66,0.66,1.18,1.84,1.84,1.55,0,0,0
Omar Khailoti,05/09/2001,0.22,Bologna,S,1,27,0,0,0,0,0,0,0,0,0.2,0.2,0,0,0,0,0,0.67,0.67,0,0
Paolo Faragò,12/02/1993,2.2,Bologna,S,1,21,0,0,0,4.29,0,0.07+0.07,0.07+0.07,0,0.15,0.08,0.29,0.29,0,0.29,0.29,0.65,0.36,0,0
Arturo Calabresi,17/03/1996,1.65,Bologna,S,1,18,0,0,0,0,0,0,0,0,0,0,0,0,0,0,0,0,0,0,0
Edoardo Vergani,06/02/2001,0.66,Bologna,S,1,11,0,0,0,0,0,0,0,0,0,0,0,0,0,0,0,0,0,0,0
Mattia Pagliuca,25/04/2002,0.275,Bologna,S,1,10,0,0,0,0,9,0,0,0.01+0.01,0.01,0,0,0,0.12,0.12,0.12,0.12,0,0,0
Wisdom Amey,11/08/2005,0,Bologna,S,1,1,0,0,0,0,0,0,0,0,0.01,0.01,0,0,0,0,0,0.8,0.8,0,0
Kacper Urbanski,07/09/2004,0.22,Bologna,S,1,1,0,0,0,0,0,0,0,0,0,0,0,0,0,0,0,0,0,0,0
Antonio Raimondo,18/03/2004,0,Bologna,S,1,1,0,0,0,0,0,0,0,0,0,0,0,0,0,0,0,0,0,0,0
João Pedro,09/03/1992,19.8,Calgiari,F M,37,3273,16,12,3,2.06,1.04,13.29-2.71,9.48-2.52,5.30+2.30,17.2,6.28,0.37,0.26,0.15,0.51,0.41,0.47,0.17,4,0
Giovanni Simeone,05/07/1995,12.1,Calgiari,F,33,1740,6,6,2,2.22,0.62,7.20+1.20,7.20+1.20,1.12-0.88,9.94,2.48,0.37,0.37,0.06,0.43,0.43,0.51,0.13,1,0
Leonardo Pavoletti,26/11/1988,4.4,Calgiari,F,33,1576,4,4,3,2.51,0.69,7.45+3.45,7.45+3.45,1.42-1.58,8.04,1.02,0.43,0.43,0.08,0.51,0.51,0.46,0.06,8,0
Charalampos Lykogiannis,22/10/1993,2.75,Calgiari,D M,31,2447,4,4,2,1.03,0.48,1.86-2.14,1.86-2.14,1.25-0.75,7.42,5.6,0.07,0.07,0.05,0.11,0.11,0.27,0.21,6,2
Razvan Marin,23/05/1996,16.5,Calgiari,M,37,2995,3,3,6,0.81,2.04,1.33-1.67,1.33-1.67,3.84-2.16,9.82,7.31,0.04,0.04,0.12,0.16,0.16,0.3,0.22,6,0
Riccardo Sottil,03/06/1999,7.7,Calgiari,F M,21,1184,2,2,1,1.82,1.22,1.39-0.61,1.39-0.61,1.85+0.85,4.75,1.77,0.11,0.11,0.14,0.25,0.25,0.36,0.13,3,0
Nahitan Nández,28/12/1995,24.2,Calgiari,D M,32,2747,2,2,2,1.05,0.98,3.09+1.09,3.09+1.09,2.63+0.63,12.32,7.11,0.1,0.1,0.09,0.19,0.19,0.4,0.23,8,1
Radja Nainggolan,04/05/1988,5.5,Calgiari,M,22,1852,1,1,0,2.33,1.12,1.15+0.15,1.15+0.15,1.74+1.74,7.55,5.3,0.06,0.06,0.08,0.14,0.14,0.37,0.26,5,0
Daniele Rugani,29/07/1994,5.5,Calgiari,D,16,1008,1,1,1,0.27,0.27,0.18-0.82,0.18-0.82,0.62-0.38,2.13,2.11,0.02,0.02,0.06,0.07,0.07,0.19,0.19,2,0
Diego Godín,16/02/1986,2.2,Calgiari,D,28,2512,1,1,0,0.39,0.25,0.37-0.63,0.37-0.63,0.90+0.90,5.61,5.56,0.01,0.01,0.03,0.05,0.05,0.2,0.2,3,0
Ragnar Klavan,30/10/1985,0.66,Calgiari,D,15,768,0,0,0,0.7,0.12,0.18+0.18,0.18+0.18,0.03+0.03,1.31,1.29,0.02,0.02,0,0.02,0.02,0.15,0.15,1,0
Marko Rog,19/07/1995,11,Calgiari,M,14,1171,0,0,0,0.61,0.61,0.19+0.19,0.19+0.19,0.27+0.27,1.58,1.2,0.01,0.01,0.02,0.04,0.04,0.12,0.09,2,0
Alfred Duncan,10/03/1993,11,Calgiari,M,19,1075,0,0,1,0.59,0.84,0.15+0.15,0.15+0.15,1.34+0.34,3.91,3.09,0.01,0.01,0.11,0.12,0.12,0.33,0.26,2,0
Luca Ceppitelli,11/08/1989,2.2,Calgiari,D,19,1474,0,0,0,0.43,0.12,0.50+0.50,0.50+0.50,0.07+0.07,3.82,3.8,0.03,0.03,0,0.03,0.03,0.23,0.23,3,0
Alessandro Deiola,01/08/1995,1.1,Calgiari,M,12,616,0,0,0,0.88,0.88,0.22+0.22,0.22+0.22,0.31+0.31,1.92,1.76,0.03,0.03,0.05,0.08,0.08,0.28,0.26,2,0
Alessio Cragno,28/06/1994,22,Calgiari,GK,34,3060,0,0,0,0,0,0,0,0,2.26,2.26,0,0,0,0,0,0.07,0.07,1,0
Sebastian Walukiewicz,05/04/2000,8.25,Calgiari,D,19,1619,0,0,1,0.17,0.06,0.23+0.23,0.23+0.23,0.71-0.29,2.01,2.01,0.01,0.01,0.04,0.05,0.05,0.11,0.11,1,0
Christian Oliva,01/06/1996,4.4,Calgiari,M,10,383,0,0,1,0,0.47,0,0,0.11-0.89,0.29,0.23,0,0,0.03,0.03,0.03,0.07,0.05,2,0
Paolo Faragò,12/02/1993,2.2,Calgiari,D,8,366,0,0,0,0.74,1.23,0.16+0.16,0.16+0.16,0.75+0.75,1.73,1.09,0.04,0.04,0.19,0.22,0.22,0.42,0.27,2,0
Guglielmo Vicario,07/10/1996,2.2,Calgiari,GK,4,360,0,0,0,0,0,0,0,0,1.59,1.59,0,0,0,0,0,0.4,0.4,0,0
Alberto Cerri,16/04/1996,1.65,Calgiari,F,24,343,1,1,0,4.2,1.57,2.70+1.70,2.70+1.70,0.43+0.43,3.61,1.29,0.71,0.71,0.11,0.82,0.82,0.95,0.34,1,0
Adam Ounas,11/11/1996,8.8,Calgiari,M,7,305,0,0,0,1.77,2.07,0.89+0.89,0.89+0.89,0.97+0.97,2.12,0.55,0.26,0.26,0.29,0.55,0.55,0.62,0.16,0,0
Alessandro Tripaldelli,09/02/1999,1.1,Calgiari,D,10,295,0,0,0,0,0.31,0,0,0.25+0.25,0.7,0.45,0,0,0.07,0.07,0.07,0.21,0.14,1,0
Gastón Pereiro,11/06/1995,3.85,Calgiari,M,15,249,2,2,2,5.06,2.89,2.69+0.69,2.69+0.69,1.21-0.79,3.65,1.18,0.97,0.97,0.44,1.41,1.41,1.32,0.43,0,0
Fabio Pisacane,28/01/1986,0.55,Calgiari,D,5,224,0,0,0,0,0,0,0,0,0.04,0.04,0,0,0,0,0,0.02,0.02,1,0
Kwadwo Asamoah,09/12/1988,1.1,Calgiari,D,9,203,0,0,0,0.89,0,0.05+0.05,0.05+0.05,0,0.43,0.38,0.02,0.02,0,0.02,0.02,0.19,0.17,0,0
Fabrizio Caligara,12/04/2000,0.825,Calgiari,M,10,178,0,0,0,0,1.01,0,0,0.13+0.13,0.09,0.09,0,0,0.06,0.06,0.06,0.05,0.05,2,0
Matteo Tramoni,20/01/2000,1.65,Calgiari,S,6,65,0,0,0,1.38,0,0.03+0.03,0.03+0.03,0,0.03,0,0.04,0.04,0,0.04,0.04,0.04,0,1,0
Arturo Calabresi,17/03/1996,1.65,Calgiari,S,2,11,0,0,0,0,0,0,0,0,0,0,0,0,0,0,0,0,0,0,0
Kiril Despodov,11/11/1996,3.3,Calgiari,S,1,10,0,0,0,0,0,0,0,0,0,0,0,0,0,0,0,0,0,0,0
Andrea Carboni,04/02/2001,5.5,Calgiari,D,15,1089,0,0,1,0.41,0.33,0.24+0.24,0.24+0.24,1.30+0.30,2.57,1.82,0.02,0.02,0.11,0.13,0.13,0.21,0.15,2,0
Gabriele Zappa,22/12/1999,7.7,Calgiari,D M,34,2401,0,0,4,0.41,1.05,0.42+0.42,0.42+0.42,3.95-0.05,10.16,7.2,0.02,0.02,0.15,0.16,0.16,0.38,0.27,3,0
Simy,07/05/1992,8.8,Crotone,F,38,2935,20,12,2,1.96,0.83,17.47-2.53,11.38-0.62,1.53-0.47,13.73,2.17,0.54,0.35,0.05,0.58,0.4,0.42,0.07,1,0
Junior Messias,13/05/1991,3.85,Crotone,F M,36,3224,9,9,4,2.76,0.89,7.36-1.64,7.36-1.64,3.20-0.80,14.38,6.59,0.21,0.21,0.09,0.3,0.3,0.4,0.18,6,0
Adam Ounas,11/11/1996,8.8,Crotone,F M,15,1226,4,4,3,1.84,1.54,2.53-1.47,2.53-1.47,3.29+0.29,7.13,2.12,0.19,0.19,0.24,0.43,0.43,0.52,0.16,1,0
Arkadiusz Reca,17/06/1995,4.4,Crotone,D,30,2324,2,2,3,1.16,1.05,1.22-0.78,1.22-0.78,2.73-0.27,5.26,2.41,0.05,0.05,0.11,0.15,0.15,0.2,0.09,7,0
Vladimir Golemic,28/06/1991,0.99,Crotone,D,30,2331,2,1,0,0.23,0.23,1.27-0.73,0.51-0.49,0.52+0.52,3.36,3.27,0.05,0.02,0.02,0.07,0.04,0.13,0.13,4,1
Emmanuel Rivière,03/03/1990,0.77,Crotone,F,21,625,1,1,1,1.73,0.72,1.37+0.37,1.37+0.37,0.62-0.38,3.7,2.17,0.2,0.2,0.09,0.29,0.29,0.53,0.31,2,0
Koffi Djidji,30/11/1992,1.98,Crotone,D,20,1517,1,1,0,0.24,0.24,0.35-0.65,0.35-0.65,0.26+0.26,3.9,3.63,0.02,0.02,0.02,0.04,0.04,0.23,0.22,4,0
Salvatore Molina,01/01/1992,1.43,Crotone,D M,29,2336,1,1,4,0.58,0.96,0.76-0.24,0.76-0.24,2.42-1.58,6.51,4.64,0.03,0.03,0.09,0.12,0.12,0.25,0.18,1,0
Niccolò Zanellato,24/06/1998,1.98,Crotone,M,27,1643,1,1,1,0.27,0.55,0.59-0.41,0.59-0.41,1.08+0.08,3.41,2.83,0.03,0.03,0.06,0.09,0.09,0.19,0.16,3,0
Lisandro Magallán,27/09/1993,2.75,Crotone,D,28,2192,1,1,2,0.33,0.37,0.84-0.16,0.84-0.16,0.35-1.65,4.79,4.12,0.03,0.03,0.01,0.05,0.05,0.2,0.17,10,0
Eduardo Henrique,17/05/1995,1.87,Crotone,M,18,906,1,1,0,0.89,0.6,0.92-0.08,0.92-0.08,0.18+0.18,2.35,1.37,0.09,0.09,0.02,0.11,0.11,0.23,0.14,4,0
Milos Vulic,19/08/1996,1.65,Crotone,M,25,1299,1,1,1,1.18,1.45,0.94-0.06,0.94-0.06,1.46+0.46,3.32,1.57,0.07,0.07,0.1,0.17,0.17,0.23,0.11,2,0
Ahmed Benali,07/02/1992,1.65,Crotone,M,18,1220,0,0,1,0.74,1.03,0.85+0.85,0.85+0.85,1.11+0.11,3.22,1.97,0.06,0.06,0.08,0.14,0.14,0.24,0.15,2,0
Luca Cigarini,20/06/1986,0.66,Crotone,M,14,957,0,0,0,1.5,1.5,0.54+0.54,0.54+0.54,1.14+1.14,2.97,2.07,0.05,0.05,0.11,0.16,0.16,0.28,0.19,3,1
Pedro Pereira,22/01/1998,2.2,Crotone,D M,35,2571,0,0,4,0.49,0.74,0.92+0.92,0.92+0.92,3.15-0.85,6.39,3.7,0.03,0.03,0.11,0.14,0.14,0.22,0.13,6,0
Andrea Rispoli,29/01/1988,0.55,Crotone,D M,19,631,0,0,0,0.57,1.57,0.40+0.40,0.40+0.40,0.51+0.51,1.96,1.25,0.06,0.06,0.07,0.13,0.13,0.28,0.18,4,0
Alex Cordaz,01/01/1983,0.55,Crotone,GK,36,3240,0,0,0,0,0.03,0,0,0.01+0.01,2.75,2.74,0,0,0,0,0,0.08,0.08,1,0
Giuseppe Cuomo,02/02/1998,0.99,Crotone,D,13,796,0,0,0,0.23,0,0.40+0.40,0.40+0.40,0,0.56,0.56,0.05,0.05,0,0.05,0.05,0.06,0.06,4,0
Sebastiano Luperto,06/09/1996,2.42,Crotone,D,23,1893,0,0,0,0.24,0.29,0.18+0.18,0.18+0.18,0.17+0.17,2.05,1.77,0.01,0.01,0.01,0.02,0.02,0.1,0.08,3,1
Luca Marrone,28/03/1990,0.55,Crotone,D,21,1590,0,0,0,0.23,0,0.22+0.22,0.22+0.22,0,1.09,1.04,0.01,0.01,0,0.01,0.01,0.06,0.06,8,0
Jacopo Petriccione,22/02/1995,1.43,Crotone,M,20,955,0,0,0,0.28,0.75,0.08+0.08,0.08+0.08,0.40+0.40,2.92,2.68,0.01,0.01,0.04,0.05,0.05,0.28,0.25,5,1
Samuel Di Carmine,29/09/1988,1.32,Crotone,F,11,484,0,0,0,1.12,0,0.56+0.56,0.56+0.56,0,0.97,0.48,0.1,0.1,0,0.1,0.1,0.18,0.09,1,0
Denis Dragus,06/07/1999,0.99,Crotone,F,9,159,0,0,0,2.26,0,0.11+0.11,0.11+0.11,0,0.69,0.62,0.06,0.06,0,0.06,0.06,0.39,0.35,1,0
Marco Festa,06/06/1992,0.165,Crotone,GK,1,90,0,0,0,0,0,0,0,0,0,0,0,0,0,0,0,0,0,0,0
Gian Marco Crespi,28/06/2001,0.165,Crotone,GK,1,90,0,0,0,0,0,0,0,0,0,0,0,0,0,0,0,0,0,0,0
Luis Rojas,06/03/2002,1.87,Crotone,S,7,86,0,0,0,1.05,1.05,0.03+0.03,0.03+0.03,0.01+0.01,0.05,0,0.03,0.03,0.01,0.05,0.05,0.05,0,1,0
Antonio Mazzotta,02/08/1989,0.22,Crotone,M,2,54,0,0,0,0,0,0,0,0,0,0,0,0,0,0,0,0,0,1,0
Luca Siligardi,26/01/1988,0.33,Crotone,S,4,43,0,0,0,4.19,4.19,0.06+0.06,0.06+0.06,0.04+0.04,0.21,0.16,0.13,0.13,0.08,0.21,0.21,0.43,0.33,0,0
Augustus Kargbo,24/08/1999,0.495,Crotone,S,1,30,0,0,0,0,0,0,0,0,0.02,0.02,0,0,0,0,0,0.05,0.05,0,0
Giovanni Crociata,11/08/1997,0.99,Crotone,S,2,21,0,0,0,0,4.29,0,0,0.09+0.09,0.09,0,0,0,0.39,0.39,0.39,0.39,0,0,0
Tomislav Gomelt,07/01/1995,0.22,Crotone,S,2,14,0,0,0,0,0,0,0,0,0.04,0.04,0,0,0,0,0,0.29,0.29,0,0
Dusan Vlahovic,28/01/2000,44,Fiorentina,F,37,2945,21,15,3,2.63,0.55,18.48-2.52,13.91-1.09,2.30-0.70,14.83,1.56,0.56,0.43,0.07,0.63,0.5,0.45,0.05,1,0
Gaetano Castrovilli,17/02/1997,22,Fiorentina,M,34,2365,5,5,3,1.22,0.65,3.17-1.83,3.17-1.83,2.26-0.74,11.66,7.34,0.12,0.12,0.09,0.21,0.21,0.44,0.28,8,1
Giacomo Bonaventura,22/08/1989,4.4,Fiorentina,M,34,2288,3,3,2,1.73,0.94,2.93-0.07,2.93-0.07,3.22+1.22,8.72,4.81,0.12,0.12,0.13,0.24,0.24,0.34,0.19,5,0
Nikola Milenkovic,12/10/1997,27.5,Fiorentina,D,34,3038,3,3,1,0.65,0.21,3.94+0.94,3.94+0.94,0.65-0.35,8.42,6.18,0.12,0.12,0.02,0.14,0.14,0.25,0.18,7,1
Franck Ribéry,07/04/1983,3.3,Fiorentina,F M,29,2195,2,2,6,0.86,1.44,2.86+0.86,2.86+0.86,5.52-0.48,12.21,5.99,0.12,0.12,0.23,0.34,0.34,0.5,0.25,6,1
Martín Cáceres,07/04/1987,1.1,Fiorentina,D,29,2241,2,2,2,0.6,0.4,1.83-0.17,1.83-0.17,1.16-0.84,6.78,5.81,0.07,0.07,0.05,0.12,0.12,0.27,0.23,4,0
Valentin Eysseric,25/03/1992,1.65,Fiorentina,M,16,715,2,2,0,1.64,1.01,1.55-0.45,1.55-0.45,0.87+0.87,2.5,1.03,0.2,0.2,0.11,0.3,0.3,0.31,0.13,2,0
Cristiano Biraghi,01/01/1992,9.9,Fiorentina,D,35,2821,1,1,5,0.83,1.56,1.80+0.80,1.80+0.80,6.59+1.59,10.24,6.06,0.06,0.06,0.21,0.27,0.27,0.33,0.19,8,0
Federico Chiesa,25/10/1997,66,Fiorentina,D,3,247,1,1,1,3.64,1.82,0.86-0.14,0.86-0.14,0.78-0.22,3.28,2.43,0.31,0.31,0.28,0.6,0.6,1.2,0.89,0,0
Erick Pulgar,15/01/1994,9.9,Fiorentina,M,31,1993,1,1,3,0.72,1.04,0.73-0.27,0.73-0.27,2.10-0.90,4.03,2.91,0.03,0.03,0.09,0.13,0.13,0.18,0.13,8,0
Germán Pezzella,27/06/1991,8.25,Fiorentina,D,32,2749,1,1,0,0.52,0.1,1.23+0.23,1.23+0.23,0.68+0.68,3.22,3.16,0.04,0.04,0.02,0.06,0.06,0.11,0.1,5,0
Christian Kouamé,06/12/1997,9.35,Fiorentina,F M,33,966,1,1,1,1.58,1.12,3.51+2.51,3.51+2.51,1.20+0.20,4.36,0.5,0.33,0.33,0.11,0.44,0.44,0.41,0.05,4,0
Lucas Martínez Quarta,10/05/1996,11,Fiorentina,D,21,1486,1,1,0,1.03,0.36,1.71+0.71,1.71+0.71,0.29+0.29,3.25,2.14,0.1,0.1,0.02,0.12,0.12,0.2,0.13,4,1
Antonio Barreca,18/03/1995,2.2,Fiorentina,D,3,86,0,0,0,2.09,1.05,0.07+0.07,0.07+0.07,0.04+0.04,0.13,0.06,0.08,0.08,0.04,0.12,0.12,0.14,0.06,0,0
Riccardo Saponara,21/12/1991,1.87,Fiorentina,S,2,50,0,0,0,0,1.8,0,0,0.04+0.04,0.04,0,0,0,0.07,0.07,0.07,0.07,0,0,0
Federico Ceccherini,11/05/1992,3.85,Fiorentina,D,3,270,0,0,0,0,0,0,0,0,0.68,0.68,0,0,0,0,0,0.23,0.23,2,0
José Callejón,11/02/1987,1.65,Fiorentina,F M,20,646,0,0,1,1.11,0.7,0.25+0.25,0.25+0.25,1.40+0.40,2.51,1.59,0.03,0.03,0.2,0.23,0.23,0.35,0.22,0,0
Maximiliano Olivera,05/03/1992,1.1,Fiorentina,D,2,91,0,0,0,0,0,0,0,0,0,0,0,0,0,0,0,0,0,0,0
Borja Valero,12/01/1985,0.99,Fiorentina,F M,20,446,0,0,0,1.01,0.4,0.21+0.21,0.21+0.21,0.04+0.04,1.06,0.87,0.04,0.04,0.01,0.05,0.05,0.21,0.17,3,0
Pol Lirola,13/08/1997,9.9,Fiorentina,D M,12,481,0,0,1,0.37,1.31,0.12+0.12,0.12+0.12,0.72-0.28,1.54,0.88,0.02,0.02,0.13,0.16,0.16,0.29,0.16,3,0
Alfred Duncan,10/03/1993,11,Fiorentina,M,4,162,0,0,0,0.56,0.56,0.03+0.03,0.03+0.03,0.02+0.02,0.98,0.95,0.02,0.02,0.01,0.03,0.03,0.55,0.53,0,0
Bartlomiej Dragowski,19/08/1997,17.6,Fiorentina,GK,36,3150,0,0,1,0,0.03,0,0,0.05-0.95,2.25,2.19,0,0,0,0,0,0.06,0.06,0,0
Aleksandr Kokorin,19/03/1991,3.85,Fiorentina,S,4,86,0,0,0,0,0,0,0,0,0.08,0.08,0,0,0,0,0,0.09,0.09,1,0
Kevin Malcuit,31/07/1991,3.85,Fiorentina,D,5,203,0,0,0,0.89,0.44,0.10+0.10,0.10+0.10,0.08+0.08,0.18,0.08,0.04,0.04,0.03,0.08,0.08,0.08,0.03,0,0
Patrick Cutrone,03/01/1998,9.9,Fiorentina,S,11,170,0,0,0,1.59,0,0.18+0.18,0.18+0.18,0,0.11,0,0.1,0.1,0,0.1,0.1,0.06,0,0,0
Lorenzo Venuti,12/04/1995,3.3,Fiorentina,D,28,1764,0,0,1,0.2,0.77,0.22+0.22,0.22+0.22,2.11+1.11,4.7,2.74,0.01,0.01,0.11,0.12,0.12,0.24,0.14,3,0
Pietro Terracciano,08/03/1990,0.88,Fiorentina,GK,4,270,0,0,0,0,0,0,0,0,0.09,0.09,0,0,0,0,0,0.03,0.03,0,0
Tòfol Montiel,11/04/2000,0.44,Fiorentina,S,2,2,0,0,0,0,0,0,0,0,0,0,0,0,0,0,0,0,0,0,0
Sofyan Amrabat,21/08/1996,16.5,Fiorentina,M,31,2458,0,0,0,0.37,0.48,0.41+0.41,0.41+0.41,0.58+0.58,7.5,6.78,0.02,0.02,0.02,0.04,0.04,0.27,0.25,7,0
Igor Julio,07/02/1998,5.5,Fiorentina,D,21,1155,0,0,0,0.08,0.23,0.53+0.53,0.53+0.53,0.12+0.12,1.77,1.73,0.04,0.04,0.01,0.05,0.05,0.14,0.13,5,0
Mattia Destro,20/03/1991,2.75,Genoa,F,29,1625,11,11,1,2.05,0.39,7.48-3.52,7.48-3.52,0.58-0.42,8.33,1.23,0.41,0.41,0.03,0.45,0.45,0.46,0.07,5,0
Eldor Shomurodov,29/06/1995,7.7,Genoa,F,31,1669,8,8,1,2.05,1.08,6.09-1.91,6.09-1.91,2.32+1.32,10.62,2.45,0.33,0.33,0.12,0.45,0.45,0.57,0.13,1,0
Gianluca Scamacca,01/01/1999,16.5,Genoa,F,26,1345,8,6,2,3.14,1.07,7.83-0.17,6.31+0.31,2.87+0.87,8.87,1.42,0.52,0.42,0.19,0.72,0.61,0.59,0.1,1,0
Goran Pandev,27/07/1983,0.55,Genoa,F M,29,1400,7,6,3,1.29,0.9,4.14-2.86,3.38-2.62,1.40-1.60,9.66,5.69,0.27,0.22,0.09,0.36,0.31,0.62,0.37,5,0
Davide Zappacosta,11/06/1992,8.8,Genoa,D,25,2050,4,4,2,1.8,0.53,2.59-1.41,2.59-1.41,1.23-0.77,7.91,4.55,0.11,0.11,0.05,0.17,0.17,0.35,0.2,3,0
Marko Pjaca,06/05/1995,4.4,Genoa,F M,35,1409,3,3,2,1.85,0.89,2.82-0.18,2.82-0.18,2.11+0.11,6.32,2.09,0.18,0.18,0.13,0.31,0.31,0.4,0.13,0,0
Stefano Sturaro,09/03/1993,4.95,Genoa,M,6,454,1,1,0,0.99,0.79,0.99-0.01,0.99-0.01,0.25+0.25,2.17,1.25,0.2,0.2,0.05,0.25,0.25,0.43,0.25,1,0
Milan Badelj,25/01/1989,2.2,Genoa,M,30,2419,1,1,4,0.63,1.04,0.70-0.30,0.70-0.30,3.03-0.97,9.16,6.09,0.03,0.03,0.11,0.14,0.14,0.34,0.23,7,0
Domenico Criscito,30/12/1986,1.65,Genoa,D,23,1722,1,0,0,0.31,0.31,0.87-0.13,0.11+0.11,0.49+0.49,4.24,3.88,0.05,0.01,0.03,0.07,0.03,0.22,0.2,6,0
Miha Zajc,01/07/1994,3.3,Genoa,M,31,1879,1,1,3,0.91,0.96,2.25+1.25,2.25+1.25,2.30-0.70,8.1,4.75,0.11,0.11,0.11,0.22,0.22,0.39,0.23,4,0
Lennart Czyborra,03/05/1999,3.85,Genoa,D,17,1182,1,1,0,0.38,0.3,0.16-0.84,0.16-0.84,0.22+0.22,1.73,1.47,0.01,0.01,0.02,0.03,0.03,0.13,0.11,2,0
Valon Behrami,19/04/1985,0.44,Genoa,M,26,875,0,0,0,0.41,0.21,0.55+0.55,0.55+0.55,0.10+0.10,1.68,1.04,0.06,0.06,0.01,0.07,0.07,0.17,0.11,1,1
Mattia Perin,10/11/1992,7.7,Genoa,GK,32,2880,0,0,0,0,0.03,0,0,0.02+0.02,3.27,3.25,0,0,0,0,0,0.1,0.1,1,1
Davide Biraschi,02/07/1994,2.75,Genoa,D,13,918,0,0,0,0.2,0,0.07+0.07,0.07+0.07,0,2.59,2.51,0.01,0.01,0,0.01,0.01,0.25,0.25,2,0
Cristian Zapata,30/09/1986,0.44,Genoa,D,12,968,0,0,0,0.28,0.09,0.08+0.08,0.08+0.08,0.02+0.02,0.89,0.87,0.01,0.01,0,0.01,0.01,0.08,0.08,2,0
Federico Marchetti,07/02/1983,0.22,Genoa,GK,4,337,0,0,0,0,0,0,0,0,0.36,0.36,0,0,0,0,0,0.1,0.1,0,0
Kevin Strootman,13/02/1990,5.5,Genoa,M,18,1339,0,0,4,0.4,1.55,0.58+0.58,0.58+0.58,3.28-0.72,6.19,3.36,0.04,0.04,0.22,0.26,0.26,0.42,0.23,7,0
Edoardo Goldaniga,02/11/1993,2.2,Genoa,D,25,1852,0,0,1,0.39,0.34,0.40+0.40,0.40+0.40,0.71-0.29,3.36,2.91,0.02,0.02,0.03,0.05,0.05,0.16,0.14,8,0
Ivan Radovanovic,29/08/1988,1.43,Genoa,D M,33,2227,0,0,0,0.24,0.12,0.20+0.20,0.20+0.20,0.15+0.15,4.5,4.44,0.01,0.01,0.01,0.01,0.01,0.18,0.18,6,0
Vittorio Parigini,25/03/1996,0.77,Genoa,S,4,45,0,0,0,2,0,0.01+0.01,0.01+0.01,0,0,0,0.03,0.03,0,0.03,0.03,0,0,0,0
Andrea Masiello,05/02/1986,0.88,Genoa,D,30,2575,0,0,0,0.17,0.24,0.55+0.55,0.55+0.55,0.26+0.26,4.77,4.27,0.02,0.02,0.01,0.03,0.03,0.17,0.15,6,0
Francesco Cassata,16/07/1997,2.42,Genoa,D M,8,221,0,0,0,0.41,0.41,0.01+0.01,0.01+0.01,0.08+0.08,0.47,0.38,0.01,0.01,0.03,0.04,0.04,0.19,0.16,2,0
Paolo Ghiglione,02/02/1997,3.74,Genoa,D M,23,1355,0,0,4,0.66,1.2,0.55+0.55,0.55+0.55,2.18-1.82,3.95,1.89,0.04,0.04,0.14,0.18,0.18,0.26,0.13,4,0
Filippo Melegoni,18/02/1999,0.99,Genoa,D M,14,376,0,0,0,0.96,0.96,0.47+0.47,0.47+0.47,0.34+0.34,0.83,0.25,0.11,0.11,0.08,0.19,0.19,0.2,0.06,1,0
Luca Pellegrini,07/03/1999,9.9,Genoa,D M,11,642,0,0,1,0.7,1.12,0.10+0.10,0.10+0.10,2.22+1.22,2.27,0.82,0.01,0.01,0.31,0.33,0.33,0.32,0.12,2,0
Lukas Lerager,12/07/1993,3.3,Genoa,M,16,1166,0,0,1,0.31,0.62,0.19+0.19,0.19+0.19,0.46-0.54,4.24,3.66,0.01,0.01,0.04,0.05,0.05,0.33,0.28,0,0
Mattia Bani,10/12/1993,3.3,Genoa,D,11,921,0,0,0,0.29,0.2,0.54+0.54,0.54+0.54,0.16+0.16,1.01,0.85,0.05,0.05,0.02,0.07,0.07,0.1,0.08,4,0
Nicolo Rovella,04/12/2001,5.5,Genoa,M,20,1186,0,0,2,0.83,1.21,0.76+0.76,0.76+0.76,1.78-0.22,3.84,2.89,0.06,0.06,0.13,0.19,0.19,0.29,0.22,4,0
Manolo Portanova,02/06/2000,1.1,Genoa,S,3,62,0,0,0,1.45,0,0.01+0.01,0.01+0.01,0,0.3,0.29,0.01,0.01,0,0.01,0.01,0.43,0.43,0,0
Steeve-Mike Eboa Ebongue,20/02/2001,0.44,Genoa,S,3,49,0,0,1,0,3.67,0,0,0.39-0.61,0.39,0,0,0,0.71,0.71,0.71,0.71,0,0,0
Alberto Paleari,29/08/1992,1.1,Genoa,GK,3,203,0,0,0,0,0,0,0,0,0.19,0.19,0,0,0,0,0,0.08,0.08,0,0
Giuseppe Caso,09/12/1998,0.22,Genoa,S,2,51,0,0,0,0,0,0,0,0,0,0,0,0,0,0,0,0,0,0,0
Jérôme Onguéné,22/12/1997,3.85,Genoa,D,4,177,0,0,0,0,0,0,0,0,0.16,0.16,0,0,0,0,0,0.08,0.08,0,0
Yayah Kallon,30/06/2001,0.44,Genoa,S,1,42,0,0,0,4.29,2.14,0.12+0.12,0.12+0.12,0.02+0.02,0.28,0.13,0.26,0.26,0.05,0.31,0.31,0.59,0.28,0,0
Samir Handanovic,14/07/1984,2.75,Inter Milan,GK,37,3244,0,0,0,0,0,0,0,0,6.67,6.67,0,0,0,0,0,0.18,0.18,1,0
Alessandro Bastoni,13/04/1999,66,Inter Milan,D,33,2932,0,0,3,0.34,0.37,0.96+0.96,0.96+0.96,1.33-1.67,15.62,15.17,0.03,0.03,0.04,0.07,0.07,0.48,0.47,6,0
Nicolò Barella,07/02/1997,71.5,Inter Milan,M,36,2912,3,3,7,1.11,1.45,2.44-0.56,2.44-0.56,5.98-1.02,21.88,16.56,0.08,0.08,0.18,0.26,0.26,0.68,0.51,5,0
Romelu Lukaku,13/05/1993,110,Inter Milan,F,36,2885,24,18,11,3.03,1.65,23.43-0.57,18.86+0.86,8.39-2.61,30.67,6,0.73,0.59,0.26,0.99,0.85,0.96,0.19,4,0
Milan Skriniar,11/02/1995,66,Inter Milan,D,32,2782,3,3,0,0.49,0.29,2.33-0.67,2.33-0.67,0.59+0.59,14.71,14.53,0.08,0.08,0.02,0.09,0.09,0.48,0.47,1,0
Stefan de Vrij,05/02/1992,55,Inter Milan,D,32,2730,1,1,0,0.4,0.2,0.77-0.23,0.77-0.23,0.25+0.25,16.1,16.01,0.03,0.03,0.01,0.03,0.03,0.53,0.53,2,0
Achraf Hakimi,04/11/1998,66,Inter Milan,D M,37,2674,7,7,8,1.28,1.21,5.09-1.91,5.09-1.91,6.44-1.56,19.71,12.57,0.17,0.17,0.22,0.39,0.39,0.66,0.42,6,0
Lautaro Martínez,22/08/1997,88,Inter Milan,F M,38,2598,17,15,6,3.78,1.32,16.89-0.11,15.36+0.36,6.31+0.31,23.09,3.86,0.59,0.53,0.22,0.8,0.75,0.8,0.13,5,0
Marcelo Brozovic,16/11/1992,44,Inter Milan,M,33,2592,2,2,6,0.87,1.53,1.05-0.95,1.05-0.95,4.68-1.32,17.03,14.76,0.04,0.04,0.16,0.2,0.2,0.59,0.51,7,1
Ivan Perisic,02/02/1989,11,Inter Milan,D F M,32,1799,4,4,4,1.8,1.45,4.95+0.95,4.95+0.95,4.21+0.21,12.47,4.81,0.25,0.25,0.21,0.46,0.46,0.62,0.24,3,0
Ashley Young,09/07/1985,1.1,Inter Milan,D M,26,1435,1,1,4,0.94,1.82,1.53+0.53,1.53+0.53,2.14-1.86,6.41,4,0.1,0.1,0.13,0.23,0.23,0.4,0.25,4,0
Christian Eriksen,14/02/1992,44,Inter Milan,M,26,1401,3,3,0,1.86,1.93,1.18-1.82,1.18-1.82,2.39+2.39,8.25,6.64,0.08,0.08,0.15,0.23,0.23,0.53,0.43,1,0
Roberto Gagliardini,07/04/1994,16.5,Inter Milan,M,28,1225,3,3,2,1.25,0.59,1.21-1.79,1.21-1.79,1.89-0.11,7.05,4.39,0.09,0.09,0.14,0.23,0.23,0.52,0.32,2,0
Matteo Darmian,02/12/1989,7.7,Inter Milan,D M,26,1159,3,3,3,0.7,0.85,1.59-1.41,1.59-1.41,0.98-2.02,4.84,2.97,0.12,0.12,0.08,0.2,0.2,0.38,0.23,4,0
Arturo Vidal,22/05/1987,3.85,Inter Milan,M,23,1136,1,1,1,1.66,0.87,2.76+1.76,2.76+1.76,0.90-0.10,10.25,7.89,0.22,0.22,0.07,0.29,0.29,0.81,0.62,3,0
Alexis Sánchez,19/12/1988,8.25,Inter Milan,F,30,1123,7,7,6,2.32,2.72,6.59-0.41,5.83-1.17,5.60-0.40,16.03,7.97,0.53,0.47,0.45,0.98,0.92,1.28,0.64,0,0
Andrea Ranocchia,16/02/1988,1.1,Inter Milan,D,8,706,0,0,1,1.15,0.38,1.38+1.38,1.38+1.38,0.98-0.02,3.37,3.35,0.18,0.18,0.13,0.3,0.3,0.43,0.43,2,0
Danilo D'Ambrosio,09/09/1988,5.5,Inter Milan,D,19,679,3,3,0,1.06,0.4,1.97-1.03,1.97-1.03,0.20+0.20,2.59,2.38,0.26,0.26,0.03,0.29,0.29,0.34,0.32,2,0
Stefano Sensi,05/08/1995,14.3,Inter Milan,M,18,580,0,0,0,2.79,1.71,1.34+1.34,1.34+1.34,0.55+0.55,3.84,2.87,0.21,0.21,0.08,0.29,0.29,0.6,0.45,1,1
Aleksandar Kolarov,10/11/1985,1.65,Inter Milan,D,7,384,0,0,1,1.41,1.41,0.11+0.11,0.11+0.11,1.34+0.34,4.71,4.31,0.03,0.03,0.31,0.34,0.34,1.1,1.01,0,0
Matías Vecino,24/08/1991,8.8,Inter Milan,M,8,278,1,1,1,1.94,1.29,0.86-0.14,0.86-0.14,0.71-0.29,2.49,0.94,0.28,0.28,0.23,0.51,0.51,0.81,0.31,0,0
Andrea Pinamonti,19/05/1999,13.2,Inter Milan,F,8,162,1,1,0,2.22,1.11,0.70-0.30,0.70-0.30,0.06+0.06,1.35,0.59,0.39,0.39,0.03,0.42,0.42,0.75,0.33,0,0
Ionut Radu,28/05/1997,6.6,Inter Milan,GK,2,134,0,0,0,0,0,0,0,0,0.42,0.42,0,0,0,0,0,0.28,0.28,0,0
Daniele Padelli,25/10/1985,0.44,Inter Milan,S,1,42,0,0,0,0,0,0,0,0,0,0,0,0,0,0,0,0,0,0,0
Radja Nainggolan,04/05/1988,5.5,Inter Milan,S,4,35,0,0,0,7.71,0,0.14+0.14,0.14+0.14,0,0.83,0.71,0.35,0.35,0,0.35,0.35,2.14,1.83,0,0
Ciro Immobile,20/02/1990,41.8,Lazio,F,35,2887,20,16,6,3.71,1.68,19.77-0.23,13.68-2.32,7.20+1.20,24.12,4.97,0.62,0.43,0.22,0.84,0.65,0.75,0.15,3,1
Luis Alberto,28/09/1992,49.5,Lazio,M,34,2663,9,9,2,2.33,2.7,5.54-3.46,5.54-3.46,6.70+4.70,18.12,8.43,0.19,0.19,0.23,0.41,0.41,0.61,0.28,5,0
Joaquín Correa,13/08/1994,33,Lazio,F,28,1948,8,7,3,2.49,1.34,7.41-0.59,6.65-0.35,2.48-0.52,11.75,4.37,0.34,0.31,0.11,0.46,0.42,0.54,0.2,1,1
Felipe Caicedo,05/09/1988,4.4,Lazio,F,25,915,8,7,0,3.05,1.18,5.33-2.67,4.57-2.43,0.73+0.73,6.09,1.31,0.52,0.45,0.07,0.6,0.52,0.6,0.13,5,0
Sergej Milinkovic-Savic,27/02/1995,77,Lazio,M,32,2768,7,7,10,2.05,1.4,6.00-1.00,6.00-1.00,6.28-3.72,17.17,10.46,0.2,0.2,0.2,0.4,0.4,0.56,0.34,4,0
Adam Marusic,17/10/1992,11,Lazio,D,36,2963,2,2,3,0.82,0.88,2.18+0.18,2.18+0.18,1.76-1.24,12.36,9.41,0.07,0.07,0.05,0.12,0.12,0.38,0.29,2,0
Manuel Lazzari,29/11/1993,23.1,Lazio,D,32,2627,2,2,5,0.82,0.96,2.22+0.22,2.22+0.22,3.44-1.56,12.54,7.62,0.08,0.08,0.12,0.19,0.19,0.43,0.26,2,1
Andreas Pereira,01/01/1996,8.8,Lazio,M,26,496,1,1,2,2.54,2.36,0.77-0.23,0.77-0.23,1.32-0.68,2.35,0.66,0.14,0.14,0.24,0.38,0.38,0.43,0.12,5,1
Gonzalo Escalante,27/03/1993,3.52,Lazio,M,24,707,1,1,1,1.02,0.25,1.07+0.07,1.07+0.07,0.38-0.62,2.29,1.37,0.14,0.14,0.05,0.18,0.18,0.29,0.17,5,0
Vedat Muriqi,24/04/1994,9.9,Lazio,F,27,809,1,1,0,3.45,1,3.27+2.27,3.27+2.27,0.62+0.62,5.92,2.19,0.36,0.36,0.07,0.43,0.43,0.66,0.24,1,0
Lucas Leiva,09/01/1987,3.85,Lazio,M,32,2175,0,0,0,0.5,0.29,0.36+0.36,0.36+0.36,0.55+0.55,10.55,9.72,0.02,0.02,0.02,0.04,0.04,0.44,0.4,10,0
Wesley Hoedt,06/03/1994,4.4,Lazio,D,17,944,0,0,0,0.19,0.29,0.13+0.13,0.13+0.13,0.11+0.11,1.71,1.68,0.01,0.01,0.01,0.02,0.02,0.16,0.16,6,0
Patric,17/04/1993,7.15,Lazio,D,25,1605,0,0,1,0.39,0.62,0.53+0.53,0.53+0.53,1.11+0.11,6.56,5.45,0.03,0.03,0.06,0.09,0.09,0.37,0.31,8,0
Senad Lulic,18/01/1986,1.1,Lazio,D,16,713,0,0,0,0.76,0.5,0.48+0.48,0.48+0.48,0.36+0.36,2.28,1.58,0.06,0.06,0.05,0.11,0.11,0.29,0.2,1,0
Danilo Cataldi,06/08/1994,2.75,Lazio,M,19,552,0,0,0,0.98,0.82,0.32+0.32,0.32+0.32,0.24+0.24,3.09,2.65,0.05,0.05,0.04,0.09,0.09,0.5,0.43,4,0
Marco Parolo,25/01/1985,1.1,Lazio,D M,18,645,0,0,2,0.98,0.56,0.44+0.44,0.44+0.44,0.87-1.13,2.66,1.66,0.06,0.06,0.12,0.18,0.18,0.37,0.23,5,0
Thomas Strakosha,19/03/1995,15.4,Lazio,GK,9,810,0,0,0,0,0,0,0,0,1.13,1.13,0,0,0,0,0,0.13,0.13,1,0
José Reina,31/08/1982,0.88,Lazio,GK,29,2610,0,0,0,0,0.03,0,0,0.02+0.02,4.28,4.26,0,0,0,0,0,0.15,0.15,1,0
Francesco Acerbi,10/02/1988,11,Lazio,D,32,2814,0,0,1,0.26,0.32,1.04+1.04,1.04+1.04,1.18+0.18,10.5,9.72,0.03,0.03,0.04,0.07,0.07,0.34,0.31,7,1
Stefan Radu,22/10/1986,2.2,Lazio,D,31,2474,0,0,3,0.25,0.69,0.34+0.34,0.34+0.34,1.51-1.49,11.12,9.87,0.01,0.01,0.06,0.07,0.07,0.4,0.36,2,0
Bastos,27/03/1991,1.87,Lazio,S,2,64,0,0,0,0,0,0,0,0,0.07,0.07,0,0,0,0,0,0.1,0.1,0,0
Mohamed Fares,15/02/1996,6.05,Lazio,D,21,1151,0,0,1,1.09,1.09,0.97+0.97,0.97+0.97,2.01+1.01,4.6,2.51,0.08,0.08,0.16,0.23,0.23,0.36,0.2,5,0
Mateo Musacchio,26/08/1990,2.2,Lazio,D,4,227,0,0,0,0,0,0,0,0,1.01,1.01,0,0,0,0,0,0.4,0.4,2,0
Jean-Daniel Akpa-Akpro,11/10/1992,3.85,Lazio,D M,32,1009,0,0,1,1.07,1.07,1.19+1.19,1.19+1.19,0.76-0.24,5.45,3.6,0.11,0.11,0.07,0.17,0.17,0.49,0.32,9,0
Luiz Felipe,22/03/1997,19.8,Lazio,D,14,911,0,0,0,0.4,0.3,0.16+0.16,0.16+0.16,0.42+0.42,2.8,2.41,0.02,0.02,0.04,0.06,0.06,0.28,0.24,5,0
Nicolò Armini,07/03/2001,0.44,Lazio,S,1,3,0,0,0,0,0,0,0,0,0,0,0,0,0,0,0,0,0,0,0
Denis Vavro,10/04/1996,4.4,Lazio,S,1,31,0,0,0,0,0,0,0,0,0.05,0.05,0,0,0,0,0,0.15,0.15,0,0
Djavan Anderson,21/04/1995,0.44,Lazio,D,3,68,0,0,0,0,0,0,0,0,0,0,0,0,0,0,0,0,0,0,0
Raul Moro,05/12/2002,0.88,Lazio,S,1,9,0,0,0,0,0,0,0,0,0,0,0,0,0,0,0,0,0,0,0
Marco Bertini,07/08/2002,0.11,Lazio,S,1,3,0,0,0,0,0,0,0,0,0,0,0,0,0,0,0,0,0,0,0
Lorenzo Insigne,04/06/1991,52.8,Napoli,F M,35,2888,19,12,7,4.49,1.96,17.35-1.65,11.26-0.74,9.12+2.12,27.06,12.55,0.54,0.35,0.28,0.82,0.64,0.84,0.39,2,1
Hirving Lozano,30/07/1995,49.5,Napoli,F M,32,1977,11,11,3,2.73,1.59,11.05+0.05,11.05+0.05,5.13+2.13,18.9,5.18,0.5,0.5,0.23,0.74,0.74,0.86,0.24,6,0
Victor Osimhen,29/12/1998,55,Napoli,F,24,1576,10,10,3,3.77,1.43,10.60+0.60,10.60+0.60,3.31+0.31,13.79,2.89,0.61,0.61,0.19,0.79,0.79,0.79,0.16,4,0
Dries Mertens,06/05/1987,9.9,Napoli,F M,29,1466,9,9,8,3.38,2.21,6.03-2.97,6.03-2.97,4.32-3.68,10.98,2.57,0.37,0.37,0.27,0.64,0.64,0.67,0.16,2,0
Matteo Politano,03/08/1993,33,Napoli,F M,37,1913,9,9,4,2.92,1.65,6.31-2.69,6.31-2.69,3.72-0.28,14.59,6.68,0.3,0.3,0.18,0.47,0.47,0.69,0.31,3,0
Piotr Zielinski,20/05/1994,55,Napoli,F M,36,2581,8,8,10,2.09,1.99,4.94-3.06,4.94-3.06,5.97-4.03,16.86,9.26,0.17,0.17,0.21,0.38,0.38,0.59,0.32,2,0
Andrea Petagna,30/06/1995,16.5,Napoli,F,26,944,4,4,3,2.29,2.48,4.30+0.30,4.30+0.30,3.22+0.22,8.3,1.93,0.41,0.41,0.31,0.72,0.72,0.79,0.18,0,0
Fabián,03/04/1996,49.5,Napoli,M,33,2577,3,3,1,1.5,1.4,2.55-0.45,2.55-0.45,1.83+0.83,16.61,13.18,0.09,0.09,0.06,0.15,0.15,0.58,0.46,1,0
Giovanni Di Lorenzo,04/08/1993,26.4,Napoli,D,36,3240,3,3,6,0.78,1.36,4.02+1.02,4.02+1.02,5.70-0.30,18.73,14.58,0.11,0.11,0.16,0.27,0.27,0.52,0.41,11,0
Tiemoué Bakayoko,17/08/1994,22,Napoli,M,32,1985,2,2,1,0.73,0.5,1.40-0.60,1.40-0.60,0.71-0.29,8.17,7.88,0.06,0.06,0.03,0.1,0.1,0.37,0.36,4,1
Diego Demme,21/11/1991,17.6,Napoli,M,24,1606,2,2,3,0.78,1.12,1.42-0.58,1.42-0.58,2.17-0.83,10.84,8.24,0.08,0.08,0.12,0.2,0.2,0.61,0.46,6,0
Eljif Elmas,24/09/1999,18.7,Napoli,M,33,683,2,2,1,1.84,1.45,1.90-0.10,1.90-0.10,0.44-0.56,5.03,2.9,0.25,0.25,0.06,0.31,0.31,0.66,0.38,2,0
Amir Rrahmani,24/02/1994,15.4,Napoli,D,16,1086,1,1,0,0.41,0,0.54-0.46,0.54-0.46,0,2.72,2.72,0.04,0.04,0,0.04,0.04,0.23,0.23,2,0
David Ospina,31/08/1988,5.5,Napoli,GK,16,1440,0,0,1,0,0.13,0,0,0.07-0.93,4.09,4.02,0,0,0,0,0,0.26,0.25,2,0
Kostas Manolas,14/06/1991,25.3,Napoli,D,30,2306,0,0,0,0.31,0.23,0.96+0.96,0.96+0.96,0.50+0.50,11.15,10.7,0.04,0.04,0.02,0.06,0.06,0.44,0.42,5,0
Elseid Hysaj,02/02/1994,14.3,Napoli,D,24,1783,0,0,2,0.4,0.76,0.24+0.24,0.24+0.24,1.71-0.29,8.22,6.8,0.01,0.01,0.09,0.1,0.1,0.42,0.34,2,0
Kalidou Koulibaly,20/06/1991,52.8,Napoli,D,26,2212,0,0,0,0.45,0.28,0.98+0.98,0.98+0.98,0.30+0.30,9.9,9.79,0.04,0.04,0.01,0.05,0.05,0.4,0.4,8,1
Nikola Maksimovic,25/11/1991,11,Napoli,D,17,1206,0,0,0,0.37,0.22,0.58+0.58,0.58+0.58,0.18+0.18,7.01,6.98,0.04,0.04,0.01,0.06,0.06,0.52,0.52,1,0
Faouzi Ghoulam,01/02/1991,3.3,Napoli,D,11,273,0,0,0,0.99,2.31,0.12+0.12,0.12+0.12,0.75+0.75,1.44,1.31,0.04,0.04,0.25,0.29,0.29,0.48,0.43,1,0
Fernando Llorente,26/02/1985,1.1,Napoli,S,3,45,0,0,0,4,2,0.23+0.23,0.23+0.23,0.09+0.09,0.61,0.38,0.45,0.45,0.19,0.64,0.64,1.22,0.76,0,0
Mário Rui,27/05/1991,8.8,Napoli,D,27,1655,0,0,2,1.03,1.69,0.63+0.63,0.63+0.63,2.60+0.60,10.39,8.89,0.03,0.03,0.14,0.18,0.18,0.57,0.48,4,0
Alex Meret,22/03/1997,22,Napoli,GK,22,1980,0,0,0,0,0.05,0,0,0.03+0.03,2.19,2.16,0,0,0,0,0,0.1,0.1,0,0
Kevin Malcuit,31/07/1991,3.85,Napoli,S,2,30,0,0,0,0,0,0,0,0,0.24,0.24,0,0,0,0,0,0.71,0.71,0,0
Stanislav Lobotka,25/11/1994,9.9,Napoli,S,15,122,0,0,0,0,0,0,0,0,2.11,2.11,0,0,0,0,0,1.56,1.56,2,0
Antonio Cioffi,19/12/2002,0.66,Napoli,S,1,9,0,0,0,0,10,0,0,0.10+0.10,0.15,0.15,0,0,0.98,0.98,0.98,1.53,1.53,0,0
Juraj Kucka,26/02/1987,3.3,Parma Calcio,F M,28,2354,7,3,2,2.29,0.61,7.06+0.06,4.02+1.02,2.23+0.23,10.17,5.77,0.27,0.15,0.09,0.36,0.24,0.39,0.22,8,0
Hernani,27/03/1994,7.15,Parma Calcio,M,33,2217,7,6,3,1.38,1.42,3.12-3.88,2.36-3.64,2.45-0.55,6.41,3.4,0.13,0.1,0.1,0.23,0.2,0.26,0.14,11,0
Gervinho,27/05/1987,1.65,Parma Calcio,F M,27,2040,5,5,1,1.41,1.19,3.71-1.29,3.71-1.29,2.33+1.33,8.17,2.6,0.16,0.16,0.1,0.27,0.27,0.36,0.11,0,0
Jasmin Kurtic,10/01/1989,2.2,Parma Calcio,M,34,2757,4,4,0,1.14,0.75,3.84-0.16,3.84-0.16,2.58+2.58,9.86,5.95,0.13,0.13,0.08,0.21,0.21,0.32,0.19,5,0
Mihai Valentin Mihaila,02/02/2000,9.35,Parma Calcio,F,16,679,3,3,0,2.52,0.93,2.94-0.06,2.94-0.06,0.35+0.35,4.35,1.11,0.39,0.39,0.05,0.44,0.44,0.58,0.15,2,0
Riccardo Gagliolo,28/04/1990,2.2,Parma Calcio,D,28,1953,2,2,2,0.88,0.78,3.41+1.41,3.41+1.41,0.92-1.08,5.22,3.52,0.16,0.16,0.04,0.2,0.2,0.24,0.16,6,0
Yann Karamoh,08/07/1998,6.6,Parma Calcio,F M,24,1313,2,2,1,1.51,1.03,4.82+2.82,4.82+2.82,1.69+0.69,8.14,2.21,0.33,0.33,0.12,0.45,0.45,0.56,0.15,3,0
Dennis Man,26/08/1998,11,Parma Calcio,F M,14,695,2,2,1,2.46,0.65,2.36+0.36,2.36+0.36,0.49-0.51,4.86,2.35,0.31,0.31,0.06,0.37,0.37,0.63,0.3,1,0
Graziano Pellè,15/07/1985,0.66,Parma Calcio,F,13,604,1,1,2,2.09,1.79,1.60+0.60,1.60+0.60,2.11+0.11,4.32,2.21,0.24,0.24,0.31,0.55,0.55,0.64,0.33,1,0
Gastón Brugman,07/09/1992,2.2,Parma Calcio,M,26,1634,1,1,1,0.99,1.43,0.98-0.02,0.98-0.02,2.60+1.60,8.44,6.69,0.05,0.05,0.14,0.2,0.2,0.46,0.37,7,0
Giuseppe Pezzella,29/11/1997,6.6,Parma Calcio,D,24,1835,1,1,4,0.34,0.98,0.20-0.80,0.20-0.80,3.43-0.57,7.79,5.63,0.01,0.01,0.17,0.18,0.18,0.38,0.28,7,0
Bruno Alves,27/11/1981,0.44,Parma Calcio,D,19,1630,1,1,0,0.55,0.11,0.31-0.69,0.31-0.69,0.11+0.11,3.22,3.22,0.02,0.02,0.01,0.02,0.02,0.18,0.18,3,0
Andreas Cornelius,16/03/1993,6.6,Parma Calcio,F M,29,1898,1,1,4,1.42,1.14,2.80+1.80,2.80+1.80,3.18-0.82,6.26,1.79,0.13,0.13,0.15,0.28,0.28,0.3,0.08,4,0
Simon Sohm,11/04/2001,4.95,Parma Calcio,F M,18,887,1,1,0,0.51,0.41,0.83-0.17,0.83-0.17,0.52+0.52,2.63,1.97,0.08,0.08,0.05,0.14,0.14,0.27,0.2,1,0
Juan Brunetta,12/05/1997,3.3,Parma Calcio,F M,12,470,1,1,2,1.91,1.53,0.83-0.17,0.83-0.17,0.84-1.16,2.45,1.42,0.16,0.16,0.16,0.32,0.32,0.47,0.27,3,0
Matteo Darmian,02/12/1989,7.7,Parma Calcio,D,3,205,0,0,0,0,0.44,0,0,0.03+0.03,0.08,0.05,0,0,0.01,0.01,0.01,0.04,0.02,1,0
Vincent Laurini,10/06/1989,0.66,Parma Calcio,D,14,877,0,0,0,0.21,0.1,0.30+0.30,0.30+0.30,0.04+0.04,2.44,2.14,0.03,0.03,0,0.03,0.03,0.25,0.22,1,0
Roberto Inglese,12/11/1991,6.6,Parma Calcio,F,14,565,0,0,2,1.27,0.64,0.57+0.57,0.57+0.57,1.67-0.33,1.87,0.39,0.09,0.09,0.27,0.36,0.36,0.3,0.06,2,0
Luigi Sepe,08/05/1991,3.85,Parma Calcio,GK,36,3240,0,0,0,0,0,0,0,0,5.42,5.42,0,0,0,0,0,0.15,0.15,0,0
Andrea Conti,02/03/1994,4.95,Parma Calcio,D,11,811,0,0,0,0.55,0.78,0.91+0.91,0.91+0.91,0.49+0.49,3.67,2.45,0.1,0.1,0.05,0.16,0.16,0.41,0.27,3,0
Alberto Grassi,07/03/1995,4.95,Parma Calcio,D M,23,1172,0,0,0,0.84,0.23,0.52+0.52,0.52+0.52,0.35+0.35,2.01,1.39,0.04,0.04,0.03,0.07,0.07,0.15,0.11,3,0
Luca Siligardi,26/01/1988,0.33,Parma Calcio,S,2,32,0,0,0,0,5.63,0,0,0.07+0.07,0.06,0.06,0,0,0.19,0.19,0.19,0.17,0.17,0,0
Simone Colombi,01/07/1991,0.66,Parma Calcio,GK,2,180,0,0,0,0,0,0,0,0,0.01,0.01,0,0,0,0,0,0.01,0.01,0,0
Jacopo Dezi,10/02/1992,0.88,Parma Calcio,F,2,80,0,0,0,1.13,1.13,0.05+0.05,0.05+0.05,0.13+0.13,0.53,0.48,0.06,0.06,0.15,0.21,0.21,0.6,0.54,0,0
Kastriot Dermaku,15/01/1992,0.99,Parma Calcio,D,2,98,0,0,0,0,0,0,0,0,0.67,0.67,0,0,0,0,0,0.62,0.62,0,0
Wylan Cyprien,28/02/1995,6.6,Parma Calcio,M,13,387,0,0,0,1.4,0.93,0.21+0.21,0.21+0.21,0.16+0.16,1.11,1.05,0.05,0.05,0.04,0.08,0.08,0.26,0.24,2,0
Mattia Bani,10/12/1993,3.3,Parma Calcio,D,15,1156,0,0,0,0.62,0.16,0.41+0.41,0.41+0.41,0.14+0.14,2.64,2.48,0.03,0.03,0.01,0.04,0.04,0.21,0.19,6,0
Simone Iacoponi,30/04/1987,0.88,Parma Calcio,D,16,1191,0,0,0,0.23,0,0.11+0.11,0.11+0.11,0,1.77,1.77,0.01,0.01,0,0.01,0.01,0.13,0.13,3,1
Mattia Sprocati,28/04/1993,0.66,Parma Calcio,S,1,20,0,0,0,0,0,0,0,0,0,0,0,0,0,0,0,0,0,0,0
Drissa Camara,18/02/2002,0.275,Parma Calcio,S,1,14,0,0,0,0,0,0,0,0,0.62,0.62,0,0,0,0,0,3.98,3.98,0,0
Matteo Scozzarella,05/06/1988,0.88,Parma Calcio,M,3,156,0,0,0,0,3.46,0,0,0.27+0.27,0.54,0.52,0,0,0.16,0.16,0.16,0.31,0.3,1,0
Giacomo Ricci,02/09/1996,0.33,Parma Calcio,S,3,60,0,0,0,0,0,0,0,0,0.06,0.06,0,0,0,0,0,0.09,0.09,0,0
Yordan Osorio,10/05/1994,4.4,Parma Calcio,D,23,1814,0,0,0,0.35,0.15,0.41+0.41,0.41+0.41,0.11+0.11,4.37,4.3,0.02,0.02,0.01,0.03,0.03,0.22,0.21,2,0
Joshua Zirkzee,22/05/2001,8.8,Parma Calcio,S,4,104,0,0,0,0.87,0.87,0.05+0.05,0.05+0.05,0.23+0.23,0.7,0.43,0.04,0.04,0.2,0.24,0.24,0.61,0.37,0,0
Andrea Adorante,05/02/2000,0.44,Parma Calcio,S,1,8,0,0,0,0,0,0,0,0,0,0,0,0,0,0,0,0,0,0,0
Márk Kosznovszky,17/04/2002,0.11,Parma Calcio,M,1,90,0,0,0,1,0,0.29+0.29,0.29+0.29,0,0.35,0.06,0.29,0.29,0,0.29,0.29,0.35,0.06,0,0
Botond Balogh,06/06/2002,0.88,Parma Calcio,D,3,163,0,0,0,0,0,0,0,0,0,0,0,0,0,0,0,0,0,1,0
Lautaro Valenti,14/01/1999,4.95,Parma Calcio,D,11,495,0,0,0,0.73,0.18,0.10+0.10,0.10+0.10,0.02+0.02,1.72,1.66,0.02,0.02,0,0.02,0.02,0.31,0.3,0,0
Maxime Busi,14/10/1999,4.95,Parma Calcio,D,24,1176,0,0,1,0.54,0.54,0.33+0.33,0.33+0.33,0.95-0.05,3.27,2.45,0.03,0.03,0.07,0.1,0.1,0.25,0.19,3,0
Daan Dierckx,24/02/2003,1.1,Parma Calcio,D,7,476,0,0,0,0,0,0,0,0,0.71,0.71,0,0,0,0,0,0.13,0.13,1,0
Chaka Traorè,23/12/2004,0.66,Parma Calcio,S,3,12,0,0,0,7.5,0,0.08+0.08,0.08+0.08,0,0.08,0,0.62,0.62,0,0.62,0.62,0.62,0,0,0
Vasilios Zagaritis,04/05/2001,0.55,Parma Calcio,S,2,62,0,0,0,0,1.45,0,0,0.05+0.05,0.18,0.18,0,0,0.08,0.08,0.08,0.26,0.26,0,0
Henrikh Mkhitaryan,21/01/1989,16.5,Roma,F M,34,2752,13,12,10,2.68,1.57,12.42-0.58,11.66-0.34,8.95-1.05,28.59,10.1,0.41,0.38,0.29,0.7,0.67,0.93,0.33,2,0
Jordan Veretout,01/03/1993,36.3,Roma,M,29,2086,10,5,2,1.73,1.12,8.36-1.64,4.55-0.45,2.95+0.95,16.56,11.91,0.36,0.2,0.13,0.49,0.32,0.71,0.51,4,0
Borja Mayoral,05/04/1997,15.4,Roma,F M,31,1544,10,10,2,2.27,1.34,7.81-2.19,7.81-2.19,2.11+0.11,11.53,3.75,0.46,0.46,0.12,0.58,0.58,0.67,0.22,1,0
Edin Dzeko,17/03/1986,4.4,Roma,F,27,1838,7,7,3,3.43,1.42,14.25+7.25,13.49+6.49,2.37-0.63,17.42,5.7,0.7,0.66,0.12,0.81,0.78,0.85,0.28,2,0
Lorenzo Pellegrini,19/06/1996,44,Roma,M,34,2623,7,6,6,2.4,2.23,6.71-0.29,5.95-0.05,7.68+1.68,17.72,9.43,0.23,0.2,0.26,0.49,0.47,0.61,0.32,10,0
Pedro,28/07/1987,5.5,Roma,M,27,1607,5,5,2,2.41,1.57,4.99-0.01,4.99-0.01,3.38+1.38,12.27,5.15,0.28,0.28,0.19,0.47,0.47,0.69,0.29,3,1
Gianluca Mancini,17/04/1996,33,Roma,D,33,2857,4,4,2,0.88,0.25,2.67-1.33,2.67-1.33,1.01-0.99,11.49,10.01,0.08,0.08,0.03,0.12,0.12,0.36,0.32,10,0
Leonardo Spinazzola,25/03/1993,28.6,Roma,D,27,2137,2,2,4,0.93,1.56,2.18+0.18,2.18+0.18,6.56+2.56,14.65,6.96,0.09,0.09,0.28,0.37,0.37,0.62,0.29,0,0
Carles Pérez,16/02/1998,8.8,Roma,F M,21,742,2,2,1,2.79,1.82,2.88+0.88,2.88+0.88,1.30+0.30,5.88,2.46,0.35,0.35,0.16,0.51,0.51,0.71,0.3,0,0
Federico Fazio,17/03/1987,0.88,Roma,D,6,409,1,1,0,0.66,0.22,0.07-0.93,0.07-0.93,0.04+0.04,1.02,1.02,0.02,0.02,0.01,0.03,0.03,0.22,0.22,2,0
Bryan Cristante,03/03/1995,19.8,Roma,D M,34,2142,1,1,3,1.18,0.67,2.37+1.37,2.37+1.37,1.74-1.26,12.02,8.87,0.1,0.1,0.07,0.17,0.17,0.51,0.37,8,0
Stephan El Shaarawy,27/10/1992,7.7,Roma,M,10,564,1,1,1,2.55,2.71,1.44+0.44,1.44+0.44,1.20+0.20,4.65,2.2,0.23,0.23,0.19,0.42,0.42,0.74,0.35,1,0
Amadou Diawara,17/07/1997,15.4,Roma,M,18,646,1,1,0,0.98,0.14,0.93-0.07,0.93-0.07,0.29+0.29,3.43,2.5,0.13,0.13,0.04,0.17,0.17,0.48,0.35,2,1
Bruno Peres,01/03/1990,2.75,Roma,D M,30,1402,1,1,2,0.77,1.8,1.25+0.25,1.25+0.25,4.32+2.32,9.77,6.73,0.08,0.08,0.28,0.36,0.36,0.63,0.43,6,0
Marash Kumbulla,08/02/2000,27.5,Roma,D,21,1368,1,1,0,0.39,0.26,0.85-0.15,0.85-0.15,0.46+0.46,5.46,5.02,0.06,0.06,0.03,0.09,0.09,0.36,0.33,8,0
Rick Karsdorp,11/02/1995,13.2,Roma,D,34,2552,1,1,6,0.46,0.92,1.18+0.18,1.18+0.18,5.35-0.65,15.12,10.56,0.04,0.04,0.19,0.23,0.23,0.53,0.37,2,0
Chris Smalling,22/11/1989,13.2,Roma,D,16,1102,0,0,1,0.57,0.16,0.30+0.30,0.30+0.30,0.88-0.12,5.43,5.43,0.02,0.02,0.07,0.1,0.1,0.44,0.44,3,0
Juan Jesus,10/06/1991,2.2,Roma,S,5,150,0,0,0,0,0,0,0,0,0.84,0.84,0,0,0,0,0,0.5,0.5,0,0
Davide Santon,02/01/1991,2.2,Roma,D,10,592,0,0,1,0.76,0.76,0.50+0.50,0.50+0.50,0.86-0.14,2.91,2.09,0.08,0.08,0.13,0.21,0.21,0.44,0.32,3,0
Antonio Mirante,08/07/1983,1.1,Roma,GK,13,1156,0,0,0,0,0,0,0,0,2.03,2.03,0,0,0,0,0,0.16,0.16,2,0
Pau López,13/12/1994,11,Roma,GK,21,1814,0,0,0,0,0,0,0,0,4.28,4.28,0,0,0,0,0,0.21,0.21,0,0
Javier Pastore,20/06/1989,1.65,Roma,S,5,72,0,0,0,0,5,0,0,0.74+0.74,1.21,0.82,0,0,0.93,0.93,0.93,1.51,1.02,0,0
Gonzalo Villar,23/03/1998,16.5,Roma,M,33,1855,0,0,1,0.49,0.39,0.54+0.54,0.54+0.54,0.66-0.34,10.3,9.29,0.03,0.03,0.03,0.06,0.06,0.5,0.45,7,0
Justin Kluivert,05/05/1999,15.4,Roma,S,2,15,0,0,0,6,0,0.01+0.01,0.01+0.01,0,0,0,0.08,0.08,0,0.08,0.08,0,0,0,0
Daniel Fuzato,04/07/1997,0.88,Roma,GK,5,450,0,0,0,0,0,0,0,0,0.35,0.35,0,0,0,0,0,0.07,0.07,0,0
Ibañez,23/11/1998,27.5,Roma,D,30,2405,0,0,1,0.6,0.49,1.11+1.11,1.11+1.11,1.74+0.74,12.24,11.54,0.04,0.04,0.07,0.11,0.11,0.46,0.43,5,1
Riccardo Calafiori,19/05/2002,2.75,Roma,D,3,66,0,0,0,0,0,0,0,0,0.04,0.04,0,0,0,0,0,0.06,0.06,2,0
Ebrima Darboe,06/06/2001,2.2,Roma,M,5,330,0,0,0,0.82,0.55,0.07+0.07,0.07+0.07,0.03+0.03,0.9,0.84,0.02,0.02,0.01,0.03,0.03,0.24,0.23,2,0
Nicola Zalewski,23/01/2002,0.99,Roma,S,1,8,0,0,1,0,11.25,0,0,0.08-0.92,0.08,0,0,0,0.87,0.87,0.87,0.87,0,0,0
Bryan Reynolds,28/06/2001,6.6,Roma,D,5,283,0,0,0,0,0.32,0,0,0.03+0.03,0.93,0.91,0,0,0.01,0.01,0.01,0.3,0.29,0,0
Edoardo Bove,16/05/2002,0.33,Roma,S,1,8,0,0,0,0,0,0,0,0,0.08,0.08,0,0,0,0,0,0.87,0.87,0,0
Fabio Quagliarella,31/01/1983,1.1,Sampdoria,F,33,2216,13,11,1,3.37,0.77,11.09-1.91,8.81-2.19,1.41+0.41,10.01,1.17,0.45,0.36,0.06,0.51,0.41,0.41,0.05,1,0
Keita,08/03/1995,8.8,Sampdoria,F,25,1194,7,7,1,3.32,1.58,6.29-0.71,6.29-0.71,2.73+1.73,6.94,0.87,0.47,0.47,0.21,0.68,0.68,0.52,0.07,4,1
Jakub Jankto,19/01/1996,12.1,Sampdoria,M,35,2439,6,6,3,1.44,1.11,4.88-1.12,4.88-1.12,3.03+0.03,9.96,2.91,0.18,0.18,0.11,0.29,0.29,0.37,0.11,6,0
Antonio Candreva,28/02/1987,2.75,Sampdoria,F M,35,2517,5,3,8,2.04,2.22,4.78-0.22,3.26+0.26,6.04-1.96,9.04,4.01,0.17,0.12,0.22,0.39,0.33,0.32,0.14,1,0
Manolo Gabbiadini,26/11/1991,5.5,Sampdoria,F,16,879,3,2,2,2.97,1.13,2.69-0.31,1.93-0.07,1.78-0.22,5.18,2,0.28,0.2,0.18,0.46,0.38,0.53,0.2,1,0
Valerio Verre,11/01/1994,3.85,Sampdoria,M,27,994,3,3,3,2.17,1.72,2.11-0.89,2.11-0.89,1.85-1.15,6.06,2.7,0.19,0.19,0.17,0.36,0.36,0.55,0.24,3,0
Morten Thorsby,05/05/1996,7.7,Sampdoria,M,33,2647,3,3,1,0.75,0.61,2.76-0.24,2.76-0.24,1.02+0.02,6.6,4.01,0.09,0.09,0.03,0.13,0.13,0.22,0.14,10,0
Albin Ekdal,28/07/1989,3.3,Sampdoria,M,32,2301,2,2,1,0.55,0.43,0.86-1.14,0.86-1.14,0.97-0.03,4.92,3.85,0.03,0.03,0.04,0.07,0.07,0.19,0.15,9,0
Omar Colley,24/10/1992,6.6,Sampdoria,D,29,2591,2,2,0,0.42,0.07,1.44-0.56,1.44-0.56,0.08+0.08,4.17,4.12,0.05,0.05,0,0.05,0.05,0.14,0.14,6,0
Mikkel Damsgaard,03/07/2000,14.3,Sampdoria,D F M,35,1773,2,2,4,1.27,1.27,3.34+1.34,3.34+1.34,2.12-1.88,7.31,3.92,0.17,0.17,0.11,0.28,0.28,0.37,0.2,3,0
Maya Yoshida,24/08/1988,3.52,Sampdoria,D,32,2275,1,1,2,0.44,0.24,1.54+0.54,1.54+0.54,0.70-1.30,3.83,3.69,0.06,0.06,0.03,0.09,0.09,0.15,0.15,5,0
Lorenzo Tonelli,17/01/1990,2.2,Sampdoria,D,23,1787,1,1,0,0.65,0,2.16+1.16,2.16+1.16,0,2.52,2.46,0.11,0.11,0,0.11,0.11,0.13,0.12,11,0
Bartosz Bereszynski,12/07/1992,6.6,Sampdoria,D,31,2602,1,1,0,0.1,0.31,0.17-0.83,0.17-0.83,0.84+0.84,5.9,5.28,0.01,0.01,0.03,0.04,0.04,0.2,0.18,2,0
Adrien Silva,15/03/1989,3.3,Sampdoria,M,24,1612,1,1,1,0.33,0.56,0.47-0.53,0.47-0.53,0.88-0.12,5.02,3.93,0.03,0.03,0.05,0.08,0.08,0.28,0.22,6,1
Tommaso Augello,30/08/1994,4.4,Sampdoria,D M,37,3225,1,1,3,0.22,0.84,0.32-0.68,0.32-0.68,4.01+1.01,7.99,5.78,0.01,0.01,0.11,0.12,0.12,0.22,0.16,2,1
Ernesto Torregrossa,28/06/1992,6.05,Sampdoria,F,6,164,1,1,0,2.2,1.65,0.46-0.54,0.46-0.54,0.17+0.17,0.35,0.09,0.25,0.25,0.09,0.35,0.35,0.19,0.05,0,0
Gastón Ramírez,02/12/1990,3.85,Sampdoria,F M,25,954,0,0,4,1.13,1.98,0.79+0.79,0.79+0.79,2.45-1.55,4.22,2.59,0.07,0.07,0.23,0.31,0.31,0.4,0.24,5,0
Vasco Regini,09/09/1990,0.44,Sampdoria,D,3,85,0,0,0,0,1.06,0,0,0.04+0.04,0.04,0,0,0,0.05,0.05,0.05,0.05,0,0,0
Emil Audero,18/01/1997,15.4,Sampdoria,GK,37,3330,0,0,1,0,0.03,0,0,0.27-0.73,1.83,1.55,0,0,0.01,0.01,0.01,0.05,0.04,0,0
Alex Ferrari,01/07/1994,1.98,Sampdoria,D,12,882,0,0,1,0,0.41,0,0,0.64-0.36,2.39,1.92,0,0,0.07,0.07,0.07,0.24,0.2,3,0
Fabio Depaoli,24/04/1997,3.85,Sampdoria,M,2,76,0,0,0,2.37,1.18,0.09+0.09,0.09+0.09,0.08+0.08,0.13,0,0.1,0.1,0.09,0.19,0.19,0.15,0,0,0
Antonio La Gumina,06/03/1996,2,Sampdoria,F,9,337,0,0,0,2.67,0.27,0.67+0.67,0.67+0.67,0.04+0.04,0.72,0.11,0.18,0.18,0.01,0.19,0.19,0.19,0.03,0,0
Federico Bonazzoli,21/05/1997,4,Sampdoria,F,2,134,0,0,1,2.69,1.34,0.21+0.21,0.21+0.21,0.67-0.33,0.88,0,0.14,0.14,0.45,0.59,0.59,0.59,0,0,0
Mehdi Leris,23/05/1998,1.5,Sampdoria,D M,20,356,0,0,0,0.51,2.02,0.08+0.08,0.08+0.08,0.53+0.53,1.66,1.44,0.02,0.02,0.14,0.16,0.16,0.42,0.36,1,0
Karlo Letica,11/02/1997,0.7,Sampdoria,GK,1,90,0,0,0,0,0,0,0,0,0.31,0.31,0,0,0,0,0,0.31,0.31,0,0
Kristoffer Askildsen,09/01/2001,1,Sampdoria,S,6,83,0,0,0,1.08,0,0.01+0.01,0.01+0.01,0,0.17,0.15,0.01,0.01,0,0.01,0.01,0.18,0.17,2,0
Antonio Palumbo,06/08/1996,0.65,Sampdoria,S,1,5,0,0,0,18,0,0.03+0.03,0.03+0.03,0,0.03,0,0.49,0.49,0,0.49,0.49,0.49,0,0,0
Domenico Berardi,01/08/1994,35,Sassuolo,D F M,30,2494,17,10,7,4.08,2.09,14.49-2.51,8.40-1.60,6.10-0.90,19.32,7.61,0.52,0.3,0.22,0.74,0.52,0.7,0.27,4,0
Francesco Caputo,06/08/1987,5,Sassuolo,F,25,1703,11,8,5,2.27,0.9,10.66-0.34,8.38+0.38,2.44-2.56,11.61,2.23,0.56,0.44,0.13,0.69,0.57,0.61,0.12,1,0
Giacomo Raspadori,18/02/2000,15,Sassuolo,F M,27,1224,6,6,0,1.76,1.91,5.09-0.91,5.09-0.91,2.29+2.29,8.9,2.24,0.37,0.37,0.17,0.54,0.54,0.65,0.16,1,0
Filip Djuricic,30/01/1992,9,Sassuolo,F M,32,2127,5,4,4,2.33,2.33,6.80+1.80,6.04+2.04,6.25+2.25,14.9,5.05,0.29,0.26,0.26,0.55,0.52,0.63,0.21,5,0
Hamed Junior Traore,16/02/2000,20,Sassuolo,F M,35,1786,5,5,2,2.12,1.71,4.42-0.58,4.42-0.58,3.89+1.89,10.89,4.61,0.22,0.22,0.2,0.42,0.42,0.55,0.23,6,0
Manuel Locatelli,08/01/1998,35,Sassuolo,M,34,2887,4,2,2,1.31,1.15,3.50-0.50,1.98-0.02,3.23+1.23,14.76,11.36,0.11,0.06,0.1,0.21,0.16,0.46,0.35,9,0
Jeremie Boga,03/01/1997,20,Sassuolo,M,27,1785,4,4,2,1.61,0.55,4.48+0.48,4.48+0.48,1.15-0.85,7.51,2.89,0.23,0.23,0.06,0.28,0.28,0.38,0.15,0,0
Gregoire Defrel,17/06/1991,5,Sassuolo,F M,28,1340,3,3,3,1.48,1.28,2.32-0.68,2.32-0.68,1.01-1.99,6.3,3.73,0.16,0.16,0.07,0.22,0.22,0.42,0.25,1,0
Vlad Chiriches,14/11/1989,3.5,Sassuolo,D,24,1859,2,2,1,0.58,0.39,0.98-1.02,0.98-1.02,0.44-0.56,7.56,7.19,0.05,0.05,0.02,0.07,0.07,0.37,0.35,6,0
Maxime Lopez,04/12/1997,10,Sassuolo,M,29,1876,2,2,0,0.48,0.96,1.57-0.43,1.57-0.43,1.08+1.08,9.2,7.81,0.08,0.08,0.05,0.13,0.13,0.44,0.37,7,0
Mehdi Bourabia,07/08/1991,2.3,Sassuolo,M,15,502,1,1,0,1.61,0.36,0.37-0.63,0.37-0.63,0.11+0.11,2.17,1.98,0.07,0.07,0.02,0.09,0.09,0.39,0.36,2,0
Georgios Kyriakopoulos,05/02/1996,4.5,Sassuolo,D M,23,1455,1,1,0,1.48,0.93,1.66+0.66,1.66+0.66,1.39+1.39,5.23,2.64,0.1,0.1,0.09,0.19,0.19,0.32,0.16,1,1
Jeremy Toljan,08/08/1994,5,Sassuolo,D M,26,1491,0,0,1,0.3,0.85,0.37+0.37,0.37+0.37,0.88-0.12,6.09,5.3,0.02,0.02,0.05,0.08,0.08,0.37,0.32,2,0
Kaan Ayhan,10/11/1994,6,Sassuolo,D,19,769,0,0,0,0.59,0.23,0.45+0.45,0.45+0.45,0.07+0.07,3.01,3.01,0.05,0.05,0.01,0.06,0.06,0.35,0.35,2,0
Pedro Obiang,27/03/1992,5,Sassuolo,M,33,1458,0,0,1,0.99,0.74,0.55+0.55,0.55+0.55,1.03+0.03,5.4,4.11,0.03,0.03,0.06,0.1,0.1,0.33,0.25,4,1
Gianmarco Ferrari,15/05/1992,12,Sassuolo,D,34,3013,0,0,4,0.75,0.42,1.72+1.72,1.72+1.72,1.66-2.34,10.24,9.22,0.05,0.05,0.05,0.1,0.1,0.31,0.28,7,0
Andrea Consigli,27/01/1987,3,Sassuolo,GK,37,3330,0,0,0,0,0,0,0,0,4.48,4.48,0,0,0,0,0,0.12,0.12,1,0
Federico Peluso,20/01/1984,0.4,Sassuolo,D,7,200,0,0,0,0,0,0,0,0,1.28,1.28,0,0,0,0,0,0.57,0.57,1,0
Francesco Magnanelli,12/11/1984,0.4,Sassuolo,M,10,456,0,0,0,0.39,0.79,0.04+0.04,0.04+0.04,0.21+0.21,2.11,2,0.01,0.01,0.04,0.05,0.05,0.42,0.39,2,0
Federico Ricci,27/05/1994,0.9,Sassuolo,S,1,1,0,0,0,0,0,0,0,0,0,0,0,0,0,0,0,0,0,0,0
Gianluca Pegolo,25/03/1981,0.1,Sassuolo,GK,1,90,0,0,0,0,0,0,0,0,0,0,0,0,0,0,0,0,0,0,0
Lukas Haraslin,26/05/1996,1.3,Sassuolo,M,14,317,0,0,0,3.41,2.56,0.82+0.82,0.82+0.82,0.58+0.58,1.29,0.09,0.23,0.23,0.16,0.4,0.4,0.37,0.02,1,1
Marlon Santos,07/09/1995,6.5,Sassuolo,D M,24,1735,0,0,0,0.21,0.05,0.20+0.20,0.20+0.20,0.06+0.06,5.55,5.43,0.01,0.01,0,0.01,0.01,0.29,0.28,4,1
Nicolás Schiappacase,12/01/1999,0.88,Sassuolo,S,1,13,0,0,0,0,0,0,0,0,0.05,0.05,0,0,0,0,0,0.35,0.35,0,0
Rogerio,13/01/1998,6.6,Sassuolo,D,28,1881,0,0,1,0.77,0.57,0.45+0.45,0.45+0.45,1.59+0.59,7.62,6.33,0.02,0.02,0.08,0.1,0.1,0.36,0.3,4,0
Mert Müldür,03/04/1999,9.9,Sassuolo,D,28,1680,0,0,0,0.8,0.48,0.69+0.69,0.69+0.69,0.63+0.63,4.31,3.56,0.04,0.04,0.03,0.07,0.07,0.23,0.19,2,0
Brian Oddei,18/09/2002,1.1,Sassuolo,S,5,33,0,0,2,5.45,5.45,0.15+0.15,0.15+0.15,0.97-1.03,1.14,0.02,0.41,0.41,2.63,3.04,3.04,3.1,0.06,0,0
Isaac Karamoko,26/05/2002,0.165,Sassuolo,S,1,1,0,0,0,0,0,0,0,0,0,0,0,0,0,0,0,0,0,0,0
M'Bala Nzola,18/08/1996,4.4,Spezia,F,25,1900,11,7,3,2.13,1.04,9.38-1.62,6.33-0.67,2.41-0.59,10.1,2.79,0.44,0.3,0.11,0.56,0.41,0.48,0.13,5,0
Daniele Verde,20/06/1996,1.65,Spezia,F,21,992,6,6,1,2.99,0.91,3.34-2.66,3.34-2.66,2.11+1.11,5.94,1.12,0.3,0.3,0.19,0.49,0.49,0.54,0.1,0,0
Tommaso Pobega,15/07/1999,6.6,Spezia,M,20,1269,6,6,0,1.56,0.5,3.65-2.35,3.65-2.35,0.34+0.34,4.25,1.53,0.26,0.26,0.02,0.28,0.28,0.3,0.11,6,0
Roberto Piccoli,27/01/2001,3.3,Spezia,F,20,693,5,5,0,1.95,0.39,5.04+0.04,5.04+0.04,0.50+0.50,6.21,0.67,0.65,0.65,0.07,0.72,0.72,0.81,0.09,0,0
Diego Farias,10/05/1990,2.75,Spezia,F,29,1500,4,4,2,1.92,1.92,2.99-1.01,2.99-1.01,4.02+2.02,8.72,3.81,0.18,0.18,0.24,0.42,0.42,0.52,0.23,5,0
Emmanuel Gyasi,11/01/1994,2.75,Spezia,F,37,2869,4,4,6,0.91,0.88,5.12+1.12,5.12+1.12,4.34-1.66,12.61,4.78,0.16,0.16,0.14,0.3,0.3,0.4,0.15,4,0
Martin Erlic,24/01/1998,3.3,Spezia,D,27,1786,3,3,1,0.45,0.05,1.45-1.55,1.45-1.55,0.49-0.51,2.89,2.88,0.07,0.07,0.02,0.1,0.1,0.15,0.15,6,0
Andrej Galabinov,13/11/1988,0.77,Spezia,F,12,411,3,3,1,1.75,0.66,2.96-0.04,2.20-0.80,0.24-0.76,2.78,0.45,0.65,0.48,0.05,0.7,0.54,0.61,0.1,0,0
Giulio Maggiore,12/03/1998,8.25,Spezia,M,33,2231,3,3,1,1.61,0.52,5.06+2.06,5.06+2.06,1.89+0.89,9.44,4.31,0.2,0.2,0.08,0.28,0.28,0.38,0.17,3,0
Riccardo Saponara,21/12/1991,1.87,Spezia,F M,9,394,2,2,0,2.28,0.91,1.18-0.82,1.18-0.82,0.68+0.68,2.53,0.84,0.27,0.27,0.16,0.43,0.43,0.58,0.19,0,1
Claudio Terzi,19/06/1984,0.33,Spezia,D,25,1880,1,1,1,0.24,0.24,0.63-0.37,0.63-0.37,0.72-0.28,3.18,2.89,0.03,0.03,0.03,0.06,0.06,0.15,0.14,7,1
Julian Chabot,12/02/1998,3.3,Spezia,D,25,1651,1,1,1,0.49,0.27,0.83-0.17,0.83-0.17,0.69-0.31,3.35,3.24,0.05,0.05,0.04,0.08,0.08,0.18,0.18,9,1
Kevin Agudelo,14/11/1998,3.85,Spezia,F,29,1349,1,1,2,1.27,0.8,1.29+0.29,1.29+0.29,1.20-0.80,4.6,2.2,0.09,0.09,0.08,0.17,0.17,0.31,0.15,4,0
Simone Bastoni,05/11/1996,3.3,Spezia,D,22,1538,1,1,6,1.23,1.7,1.20+0.20,1.20+0.20,2.63-3.37,5.45,2.76,0.07,0.07,0.15,0.22,0.22,0.32,0.16,7,0
Ardian Ismajli,30/09/1996,2.75,Spezia,D,17,1294,1,1,1,0.42,0.14,0.67-0.33,0.67-0.33,0.64-0.36,2.26,2.15,0.05,0.05,0.04,0.09,0.09,0.16,0.15,1,1
Jacopo Sala,05/12/1991,0.55,Spezia,D,6,383,0,0,0,0,0.7,0,0,0.84+0.84,1.27,0.43,0,0,0.2,0.2,0.2,0.3,0.1,1,0
Rafael,03/03/1982,0.22,Spezia,GK,3,205,0,0,1,0,0.44,0,0,0.31-0.69,0.43,0.12,0,0,0.14,0.14,0.14,0.19,0.05,0,0
Cristian Dell'Orco,10/02/1994,0.66,Spezia,D,8,259,0,0,0,0.35,0,0.08+0.08,0.08+0.08,0,0.7,0.62,0.03,0.03,0,0.03,0.03,0.24,0.22,0,0
Federico Mattiello,14/07/1995,0.825,Spezia,S,1,33,0,0,0,0,0,0,0,0,0,0,0,0,0,0,0,0,0,0,0
Riccardo Marchizza,26/03/1998,1.65,Spezia,D,24,1557,0,0,2,0.4,0.87,0.45+0.45,0.45+0.45,1.23-0.77,3.04,2.13,0.03,0.03,0.07,0.1,0.1,0.18,0.12,4,0
Alessandro Deiola,01/08/1995,1.1,Spezia,M,12,349,0,0,0,1.29,2.32,0.24+0.24,0.24+0.24,0.61+0.61,1.09,0.81,0.06,0.06,0.16,0.22,0.22,0.28,0.21,1,0
Elio Capradossi,11/03/1996,0.99,Spezia,D,1,90,0,0,0,1,0,0.11+0.11,0.11+0.11,0,0,0,0.11,0.11,0,0.11,0.11,0,0,0,0
Luca Mora,10/05/1988,0.385,Spezia,M,4,101,0,0,0,0.89,0,0.10+0.10,0.10+0.10,0,0.14,0.04,0.09,0.09,0,0.09,0.09,0.12,0.03,0,0
Ivan Provedel,17/03/1994,2.75,Spezia,GK,29,2610,0,0,0,0,0,0,0,0,1.47,1.47,0,0,0,0,0,0.05,0.05,1,0
Lucien Agoume,09/02/2002,5.5,Spezia,M,12,799,0,0,0,0.23,0.23,0.11+0.11,0.11+0.11,0.10+0.10,1.48,1.33,0.01,0.01,0.01,0.02,0.02,0.17,0.15,2,0
Jeroen Zoet,06/01/1991,2.2,Spezia,GK,7,605,0,0,0,0,0,0,0,0,0.64,0.64,0,0,0,0,0,0.09,0.09,1,0
Juan Ramos,01/09/1996,0.33,Spezia,D,6,288,0,0,0,0.31,1.25,0.02+0.02,0.02+0.02,0.22+0.22,1.01,0.92,0,0,0.07,0.07,0.07,0.32,0.29,1,0
Paolo Bartolomei,22/08/1989,0.605,Spezia,M,6,321,0,0,1,1.12,1.4,0.13+0.13,0.13+0.13,0.27-0.73,0.5,0.27,0.04,0.04,0.08,0.11,0.11,0.14,0.07,1,0
Matteo Ricci,27/05/1994,3.85,Spezia,M,29,2244,0,0,2,0.84,0.88,0.88+0.88,0.88+0.88,1.93-0.07,6.97,5.75,0.04,0.04,0.08,0.11,0.11,0.28,0.23,5,0
Salvador Ferrer,21/01/1998,1.43,Spezia,D,18,1183,0,0,1,0.23,1.07,0.10+0.10,0.10+0.10,1.09+0.09,3.8,3.04,0.01,0.01,0.08,0.09,0.09,0.29,0.23,4,0
Luca Vignali,11/01/1996,1.1,Spezia,D,21,1602,0,0,0,0.22,0.56,0.13+0.13,0.13+0.13,0.70+0.70,2.46,1.84,0.01,0.01,0.04,0.05,0.05,0.14,0.1,4,1
Gennaro Acampora,29/03/1994,0.44,Spezia,F M,14,420,0,0,0,1.93,0.21,0.26+0.26,0.26+0.26,0.01+0.01,1.29,1.11,0.06,0.06,0,0.06,0.06,0.28,0.24,2,0
Nahuel Estévez,14/11/1995,2.2,Spezia,M,27,1781,0,0,3,1.31,1.41,2.05+2.05,2.05+2.05,2.43-0.57,6.81,3.99,0.1,0.1,0.12,0.23,0.23,0.34,0.2,7,0
Léo Sena,31/12/1995,2.2,Spezia,M,16,869,0,0,0,0.21,0.21,0.04+0.04,0.04+0.04,0.15+0.15,4.89,4.72,0,0,0.02,0.02,0.02,0.51,0.49,0,0
Giuseppe Mastinu,09/10/1991,0.33,Spezia,S,3,31,0,0,0,0,0,0,0,0,0.02,0.02,0,0,0,0,0,0.07,0.07,0,0
Andrea Belotti,20/12/1993,38.5,Torino,F,35,2915,13,9,6,3.27,1.17,13.57+0.57,9.76+0.76,7.07+1.07,16.29,1.81,0.42,0.3,0.22,0.64,0.52,0.5,0.06,4,0
Simone Zaza,25/06/1991,3.3,Torino,F,29,1472,6,6,0,3.49,0.79,8.16+2.16,8.16+2.16,1.56+1.56,9.99,2.1,0.5,0.5,0.1,0.59,0.59,0.61,0.13,4,0
Antonio Sanabria,04/03/1996,8.25,Torino,F,14,986,5,5,1,1.83,0.64,3.27-1.73,3.27-1.73,0.56-0.44,4.62,1.44,0.3,0.3,0.05,0.35,0.35,0.42,0.13,2,0
Bremer,18/03/1997,11,Torino,D,33,2939,5,5,0,0.8,0.21,2.95-2.05,2.95-2.05,0.30+0.30,7.47,7.02,0.09,0.09,0.01,0.1,0.1,0.23,0.22,2,0
Sasa Lukic,13/08/1996,5.5,Torino,M,32,2116,3,3,0,0.81,0.98,1.95-1.05,1.95-1.05,1.27+1.27,5.52,3.24,0.08,0.08,0.05,0.14,0.14,0.23,0.14,4,0
Rolando Mandragora,29/06/1997,15.4,Torino,M,17,1528,3,3,1,1.53,0.88,2.37-0.63,2.37-0.63,0.47-0.53,5.71,3.37,0.14,0.14,0.03,0.17,0.17,0.34,0.2,3,1
Armando Izzo,02/03/1992,11,Torino,D,25,2025,2,2,0,0.62,0.13,0.83-1.17,0.83-1.17,0.17+0.17,4.84,4.58,0.04,0.04,0.01,0.04,0.04,0.22,0.2,3,0
Federico Bonazzoli,21/05/1997,4.4,Torino,F,20,527,2,2,2,3.59,0.51,1.50-0.50,1.50-0.50,0.68-1.32,4.15,2.48,0.26,0.26,0.12,0.37,0.37,0.71,0.42,2,0
Mergim Vojvoda,01/02/1995,5.5,Torino,D M,24,1360,2,2,2,0.4,0.53,1.17-0.83,1.17-0.83,0.84-1.16,3.86,2.38,0.08,0.08,0.06,0.13,0.13,0.26,0.16,4,0
Tomás Rincón,13/01/1988,2.2,Torino,M,36,2881,1,1,1,0.69,0.44,1.36+0.36,1.36+0.36,1.78+0.78,10.57,8.19,0.04,0.04,0.06,0.1,0.1,0.33,0.26,8,1
Karol Linetty,02/02/1995,6.6,Torino,M,27,1846,1,1,0,0.34,0.73,1.05+0.05,1.05+0.05,1.12+1.12,5.75,3.75,0.05,0.05,0.05,0.11,0.11,0.28,0.18,5,0
Simone Verdi,12/07/1992,8.8,Torino,F M,33,1613,1,1,5,2.29,2.9,3.52+2.52,3.52+2.52,4.70-0.30,7.21,2.49,0.2,0.2,0.26,0.46,0.46,0.4,0.14,6,0
Cristian Ansaldi,20/09/1986,2.2,Torino,D M,31,1929,1,0,6,0.84,1.63,1.75+0.75,0.98+0.98,5.25-0.75,6.66,3.24,0.08,0.05,0.25,0.33,0.29,0.31,0.15,1,0
Nicolas N'Koulou,27/03/1990,5.5,Torino,D,18,1363,1,1,0,0.2,0.13,0.69-0.31,0.69-0.31,0.07+0.07,2.55,2.53,0.05,0.05,0,0.05,0.05,0.17,0.17,5,0
Soualiho Meité,17/03/1994,5.5,Torino,M,14,926,1,1,1,0.78,0.78,0.60-0.40,0.60-0.40,0.36-0.64,3.57,2.94,0.06,0.06,0.03,0.09,0.09,0.35,0.29,0,0
Wilfried Stephane Singo,25/12/2000,7.7,Torino,D M,28,1855,1,1,2,0.49,1.16,1.14+0.14,1.14+0.14,3.50+1.50,7.57,5.38,0.06,0.06,0.17,0.23,0.23,0.37,0.26,2,1
Amer Gojak,13/02/1997,4.18,Torino,F M,15,466,1,1,1,1.55,1.35,0.79-0.21,0.79-0.21,0.23-0.77,1.76,0.97,0.15,0.15,0.04,0.2,0.2,0.34,0.19,1,0
Ricardo Rodríguez,25/08/1992,2.2,Torino,D,16,1261,0,0,0,0.93,0.36,0.51+0.51,0.51+0.51,0.22+0.22,2.74,2.54,0.04,0.04,0.02,0.05,0.05,0.2,0.18,1,0
Daniele Baselli,12/03/1992,5.5,Torino,M,15,369,0,0,0,1.22,2.2,0.22+0.22,0.22+0.22,0.76+0.76,1.62,0.99,0.05,0.05,0.19,0.24,0.24,0.39,0.24,2,0
Nicola Murru,16/12/1994,3.85,Torino,D,14,574,0,0,0,0.78,0.47,0.43+0.43,0.43+0.43,0.39+0.39,1.51,0.83,0.07,0.07,0.06,0.13,0.13,0.24,0.13,0,0
Simone Edera,09/01/1997,0.55,Torino,S,2,49,0,0,0,5.51,5.51,0.13+0.13,0.13+0.13,0.25+0.25,0.02,0,0.25,0.25,0.46,0.71,0.71,0.04,0,0,0
Samir Ujkani,05/07/1988,0.22,Torino,GK,1,90,0,0,0,0,0,0,0,0,0.47,0.47,0,0,0,0,0,0.47,0.47,0,0
Salvatore Sirigu,12/01/1987,2.75,Torino,GK,32,2880,0,0,0,0,0,0,0,0,1.77,1.77,0,0,0,0,0,0.06,0.06,0,0
Alessandro Buongiorno,06/06/1999,2.75,Torino,D,12,852,0,0,0,0.32,0.11,0.18+0.18,0.18+0.18,0.01+0.01,2.6,2.59,0.02,0.02,0,0.02,0.02,0.27,0.27,4,0
Alex Berenguer,04/07/1995,16.5,Torino,M,2,138,0,0,0,1.3,0,0.46+0.46,0.46+0.46,0,0.78,0.72,0.3,0.3,0,0.3,0.3,0.51,0.47,0,0
Vanja Milinkovic-Savic,20/02/1997,0.88,Torino,GK,5,450,0,0,0,0,0,0,0,0,0.67,0.67,0,0,0,0,0,0.13,0.13,0,0
Lyanco,01/02/1997,5.5,Torino,D,23,1954,0,0,0,0.55,0.18,1.52+1.52,1.52+1.52,0.36+0.36,5.27,4.75,0.07,0.07,0.02,0.09,0.09,0.24,0.22,8,0
Vincenzo Millico,12/08/2000,1.32,Torino,S,3,16,0,0,0,0,5.63,0,0,0.02+0.02,0,0,0,0,0.13,0.13,0.13,0,0,0,0
Jacopo Segre,17/02/1997,1.54,Torino,M,9,176,0,0,0,2.05,0.51,0.25+0.25,0.25+0.25,0.06+0.06,1.06,0.76,0.13,0.13,0.03,0.16,0.16,0.54,0.39,1,0
Rodrigo de Paul,24/05/1994,41.8,Udinese,M,36,3206,9,6,9,2.3,2.27,6.26-2.74,3.98-2.02,11.70+2.70,18.21,9.88,0.18,0.11,0.33,0.5,0.44,0.51,0.28,3,2
Roberto Pereyra,07/01/1991,11,Udinese,F M,34,2949,5,4,7,0.85,1.37,4.14-0.86,3.38-0.62,4.31-2.69,13.6,6.88,0.13,0.1,0.13,0.26,0.23,0.42,0.21,8,0
Stefano Okaka,09/08/1989,2.2,Udinese,F,22,1494,4,4,1,1.45,0.54,4.29+0.29,4.29+0.29,0.64-0.36,4.71,1.43,0.26,0.26,0.04,0.3,0.3,0.28,0.09,2,0
Tolgay Arslan,16/08/1990,3.3,Udinese,M,30,1861,3,3,0,1.06,0.44,0.91-2.09,0.91-2.09,0.54+0.54,5.48,4.29,0.04,0.04,0.03,0.07,0.07,0.27,0.21,9,0
Ignacio Pussetto,21/12/1995,5.5,Udinese,F,11,761,3,3,1,2.01,0.95,2.38-0.62,2.38-0.62,1.09+0.09,3.62,1.35,0.28,0.28,0.13,0.41,0.41,0.43,0.16,2,0
Ilija Nestorovski,12/03/1990,1.43,Udinese,F,22,666,2,2,2,3.38,1.89,5.14+3.14,5.14+3.14,1.83-0.17,6.92,0.84,0.7,0.7,0.25,0.94,0.94,0.94,0.11,1,0
Kevin Lasagna,10/08/1992,6.6,Udinese,F,17,1104,2,2,1,3.42,0.9,7.91+5.91,7.91+5.91,0.97-0.03,9.05,0.43,0.64,0.64,0.08,0.72,0.72,0.74,0.04,1,0
Jens Stryger Larsen,21/02/1991,4.4,Udinese,D M,33,2657,2,2,0,0.78,0.34,3.67+1.67,3.67+1.67,1.19+1.19,7.99,4.44,0.12,0.12,0.04,0.16,0.16,0.27,0.15,0,0
Nahuel Molina,06/04/1998,7.7,Udinese,D,29,1808,2,2,5,0.8,1.1,1.22-0.78,1.22-0.78,2.70-2.30,8.58,5.6,0.06,0.06,0.13,0.2,0.2,0.43,0.28,1,0
Gerard Deulofeu,13/03/1994,11,Udinese,F M,13,593,1,1,1,2.58,1.06,1.49+0.49,1.49+0.49,0.84-0.16,3.56,1.34,0.23,0.23,0.13,0.35,0.35,0.54,0.2,0,0
Fernando Forestieri,15/01/1990,0.99,Udinese,F,19,532,1,1,1,1.86,1.35,1.65+0.65,1.65+0.65,1.03+0.03,2.64,0.66,0.28,0.28,0.17,0.45,0.45,0.45,0.11,1,0
Samir,05/12/1994,5.5,Udinese,D,30,2210,1,1,0,0.45,0.37,1.32+0.32,1.32+0.32,0.89+0.89,7.32,6.52,0.05,0.05,0.04,0.09,0.09,0.3,0.27,6,0
Fernando Llorente,26/02/1985,1.1,Udinese,F,14,717,1,1,0,1.38,1.38,1.65+0.65,1.65+0.65,0.48+0.48,2.8,1.19,0.21,0.21,0.06,0.27,0.27,0.35,0.15,2,0
Bram Nuytinck,04/05/1990,5.5,Udinese,D,20,1645,1,1,0,0.22,0.16,0.47-0.53,0.47-0.53,0.11+0.11,2.03,1.96,0.03,0.03,0.01,0.03,0.03,0.11,0.11,1,0
Marvin Zeegelaar,12/08/1990,1.32,Udinese,D,24,1774,1,1,0,0.46,0.51,1.21+0.21,1.21+0.21,1.40+1.40,4.76,2.89,0.06,0.06,0.07,0.13,0.13,0.24,0.15,6,0
Rodrigo Becão,19/01/1996,5.5,Udinese,D,35,2787,1,1,0,0.32,0.23,1.85+0.85,1.85+0.85,0.22+0.22,6.16,5.99,0.06,0.06,0.01,0.07,0.07,0.2,0.19,5,0
Jayden Braaf,31/08/2002,3.3,Udinese,F,4,106,1,1,0,1.7,0.85,0.15-0.85,0.15-0.85,0.02+0.02,0.25,0.1,0.13,0.13,0.02,0.15,0.15,0.21,0.08,0,0
Ryder Matos,27/02/1993,1.1,Udinese,S,1,11,0,0,0,0,8.18,0,0,0.03+0.03,0.05,0.02,0,0,0.25,0.25,0.25,0.38,0.14,0,0
Simone Scuffet,31/05/1996,0.88,Udinese,GK,1,90,0,0,0,0,0,0,0,0,0,0,0,0,0,0,0,0,0,0,0
Mato Jajalo,25/05/1988,0.44,Udinese,S,1,29,0,0,0,0,0,0,0,0,0,0,0,0,0,0,0,0,0,0,0
Sebastien De Maio,05/03/1987,0.77,Udinese,D,15,855,0,0,0,0.63,0,0.30+0.30,0.30+0.30,0,3.13,3.1,0.03,0.03,0,0.03,0.03,0.33,0.33,1,0
Jean-Victor Makengo,12/06/1998,3.3,Udinese,M,17,505,0,0,0,0.71,0.36,0.09+0.09,0.09+0.09,0.11+0.11,1.19,1.13,0.02,0.02,0.02,0.03,0.03,0.21,0.2,1,0
Rolando Mandragora,29/06/1997,15.4,Udinese,M,10,389,0,0,0,2.08,0.93,1.07+1.07,1.07+1.07,0.13+0.13,2.28,1.2,0.25,0.25,0.03,0.28,0.28,0.53,0.28,0,0
Kevin Bonifazi,19/05/1996,7.7,Udinese,D,30,2476,0,0,0,0.62,0.07,1.19+1.19,1.19+1.19,0.16+0.16,4.66,4.52,0.04,0.04,0.01,0.05,0.05,0.17,0.16,4,0
Mamadou Coulibaly,03/02/1999,2.2,Udinese,M,3,183,0,0,0,0.98,0.98,0.08+0.08,0.08+0.08,0.14+0.14,0.75,0.53,0.04,0.04,0.07,0.11,0.11,0.37,0.26,0,0
Walace,04/04/1995,5.5,Udinese,M,30,2058,0,0,0,0.74,0.39,0.47+0.47,0.47+0.47,0.24+0.24,6.27,5.87,0.02,0.02,0.01,0.03,0.03,0.27,0.26,4,0
Nícolas,12/04/1988,0.385,Udinese,GK,2,180,0,0,0,0,0,0,0,0,0.08,0.08,0,0,0,0,0,0.04,0.04,0,0
Manuel Gasparini,19/05/2002,0.33,Udinese,S,1,1,0,0,0,0,0,0,0,0,0,0,0,0,0,0,0,0,0,0,0
Hidde ter Avest,20/05/1997,2.2,Udinese,D,6,348,0,0,0,0,0,0,0,0,1.65,1.65,0,0,0,0,0,0.43,0.43,0,0
Juan Musso,06/05/1994,22,Udinese,GK,35,3150,0,0,0,0,0,0,0,0,2.01,2.01,0,0,0,0,0,0.06,0.06,5,0
Petar Micin,29/09/1998,0.385,Udinese,S,1,13,0,0,0,0,0,0,0,0,0,0,0,0,0,0,0,0,0,0,0
Martin Palumbo,05/03/2002,0.88,Udinese,M,3,61,0,0,0,0,0,0,0,0,0.07,0.07,0,0,0,0,0,0.11,0.11,0,0
Thomas Ouwejan,30/09/1996,2.2,Udinese,D,15,396,0,0,2,1.36,2.27,0.14+0.14,0.14+0.14,1.48-0.52,1.79,1.45,0.03,0.03,0.34,0.37,0.37,0.41,0.33,0,0
Antonin Barak,03/12/1994,15.4,Verona,M,34,2772,7,7,3,1.46,0.81,6.94-0.06,6.94-0.06,2.33-0.67,14.48,8.05,0.23,0.23,0.08,0.3,0.3,0.47,0.26,5,1
Mattia Zaccagni,16/06/1995,16.5,Verona,F M,36,2656,6,5,5,1.05,1.29,4.11-1.89,3.34-1.66,5.84+0.84,15.25,8.22,0.14,0.11,0.2,0.34,0.31,0.52,0.28,6,0
Federico Dimarco,10/11/1997,11,Verona,D,35,2615,5,5,3,1.27,2.55,2.55-2.45,2.55-2.45,7.50+4.50,12.58,8.59,0.09,0.09,0.26,0.35,0.35,0.43,0.3,6,0
Marco Faraoni,25/10/1991,7.7,Verona,D,34,2902,4,4,7,1.05,0.68,3.50-0.50,3.50-0.50,4.37-2.63,11.3,6.57,0.11,0.11,0.14,0.24,0.24,0.35,0.2,8,0
Darko Lazovic,15/09/1990,5.5,Verona,D M,32,2504,3,3,6,1.19,1.22,3.15+0.15,3.15+0.15,5.40-0.60,13.29,7.5,0.11,0.11,0.19,0.31,0.31,0.48,0.27,3,0
Miguel Veloso,11/05/1986,0.99,Verona,M,21,1312,2,0,2,0.82,0.75,1.78-0.22,0.26+0.26,0.63-1.37,5.07,4.51,0.12,0.02,0.04,0.17,0.06,0.35,0.31,1,0
Nikola Kalinic,05/01/1988,1.65,Verona,F,19,1077,2,2,0,2.01,0.75,4.22+2.22,4.22+2.22,0.44+0.44,6.13,1.95,0.35,0.35,0.04,0.39,0.39,0.51,0.16,2,0
Kevin Lasagna,10/08/1992,6.6,Verona,F M,19,1268,2,2,0,2.13,0.99,3.47+1.47,3.47+1.47,2.29+2.29,6.28,1.23,0.25,0.25,0.16,0.41,0.41,0.45,0.09,0,0
Andrea Favilli,17/05/1997,3.85,Verona,F,11,330,2,2,0,3.55,0.55,1.87-0.13,1.87-0.13,0.11+0.11,2.83,0.95,0.51,0.51,0.03,0.54,0.54,0.77,0.26,1,0
Eddie Salcedo,01/10/2001,9.35,Verona,F M,21,746,2,2,0,2.65,0.6,3.78+1.78,3.78+1.78,0.35+0.35,3.89,0.75,0.46,0.46,0.04,0.5,0.5,0.47,0.09,3,0
Ivan Ilic,17/03/2001,8.8,Verona,M,29,1826,2,2,0,0.59,0.79,1.87-0.13,1.87-0.13,0.54+0.54,9.12,7.18,0.09,0.09,0.03,0.12,0.12,0.45,0.35,2,0
Adrien Tameze,04/02/1994,6.6,Verona,F M,33,2334,1,1,0,0.69,0.46,1.40+0.40,1.40+0.40,1.33+1.33,6.44,4.36,0.05,0.05,0.05,0.11,0.11,0.25,0.17,6,0
Ebrima Colley,01/02/2000,4.4,Verona,F M,23,709,1,1,0,2.16,1.02,2.26+1.26,2.26+1.26,0.66+0.66,4.45,2.38,0.29,0.29,0.08,0.37,0.37,0.57,0.3,1,0
Stefano Sturaro,09/03/1993,4.95,Verona,M,10,418,0,0,0,0.22,0,0.02+0.02,0.02+0.02,0,0.77,0.77,0.01,0.01,0,0.01,0.01,0.17,0.17,5,0
Federico Ceccherini,11/05/1992,3.85,Verona,D,25,1762,0,0,0,0.61,0.26,1.11+1.11,1.11+1.11,0.48+0.48,7.96,7.77,0.06,0.06,0.02,0.08,0.08,0.41,0.4,8,0
Lubomir Tupta,27/03/1998,0.385,Verona,M,2,51,0,0,0,3.53,0,0.12+0.12,0.12+0.12,0,0.12,0,0.21,0.21,0,0.21,0.21,0.21,0,0,0
Daniel Bessa,14/01/1993,2.75,Verona,M,18,588,0,0,2,1.22,2.3,1.22+1.22,1.22+1.22,2,4.17,1.22,0.19,0.19,0.31,0.49,0.49,0.64,0.19,1,0
Marco Silvestri,02/03/1991,9.9,Verona,GK,34,3060,0,0,0,0,0,0,0,0,2.12,2.12,0,0,0,0,0,0.06,0.06,1,0
Andrea Danzi,25/02/1999,0.44,Verona,M,2,106,0,0,0,0.85,0.85,0.02+0.02,0.02+0.02,0.06+0.06,0.44,0.38,0.02,0.02,0.05,0.07,0.07,0.37,0.32,1,0
Giangiacomo Magnani,04/10/1995,5.5,Verona,D,25,1491,0,0,0,0.78,0.06,0.67+0.67,0.67+0.67,0.03+0.03,3.01,2.94,0.04,0.04,0,0.04,0.04,0.18,0.18,8,0
Koray Günter,16/08/1994,5.5,Verona,D,27,1780,0,0,2,0.3,0.3,0.21+0.21,0.21+0.21,0.74-1.26,4.78,4.64,0.01,0.01,0.04,0.05,0.05,0.24,0.23,4,0
Ronaldo Vieira,19/07/1998,5.5,Verona,M,4,221,0,0,0,0.81,0.81,0.05+0.05,0.05+0.05,0.03+0.03,0.53,0.5,0.02,0.02,0.01,0.03,0.03,0.22,0.2,1,0
Pawel Dawidowicz,20/05/1995,4.4,Verona,D M,30,1866,0,0,0,0.72,0.29,1.14+1.14,1.14+1.14,1.15+1.15,6.09,5.56,0.06,0.06,0.06,0.11,0.11,0.29,0.27,9,0
Alan Empereur,10/03/1994,1.1,Verona,D,4,222,0,0,0,0.41,0,0.07+0.07,0.07+0.07,0,0.71,0.64,0.03,0.03,0,0.03,0.03,0.29,0.26,1,0
Alessandro Berardi,16/01/1991,0.055,Verona,S,1,25,0,0,0,0,0,0,0,0,0.05,0.05,0,0,0,0,0,0.17,0.17,0,0
Yildirim Mert Cetin,01/01/1997,3.08,Verona,D,6,417,0,0,0,0.43,0,0.10+0.10,0.10+0.10,0,0.72,0.64,0.02,0.02,0,0.02,0.02,0.16,0.14,1,0
Samuel Di Carmine,29/09/1988,1.32,Verona,F,11,501,0,0,0,1.62,0.72,1.96+1.96,1.96+1.96,0.09+0.09,3.45,1.96,0.35,0.35,0.02,0.37,0.37,0.62,0.35,1,0
Matteo Lovato,14/02/2000,7.7,Verona,D M,24,1377,0,0,0,0.07,0.26,0.02+0.02,0.02+0.02,0.18+0.18,3.02,2.85,0,0,0.01,0.01,0.01,0.2,0.19,5,0
Kevin Rüegg,05/08/1998,3.96,Verona,D,7,186,0,0,0,0.48,0,0.02+0.02,0.02+0.02,0,0.12,0.1,0.01,0.01,0,0.01,0.01,0.06,0.05,0,0
Ivor Pandur,25/03/2000,1.1,Verona,GK,4,335,0,0,0,0,0,0,0,0,0.1,0.1,0,0,0,0,0,0.03,0.03,0,0
Iyenoma Destiny Udogie,28/11/2002,1.1,Verona,S,6,160,0,0,0,0.56,0.56,0.48+0.48,0.48+0.48,0.03+0.03,0.71,0.71,0.27,0.27,0.01,0.28,0.28,0.4,0.4,1,0
Philip Yeboah Ankrah,27/09/2002,0.138,Verona,S,1,9,0,0,0,0,0,0,0,0,0,0,0,0,0,0,0,0,0,0,0